index,id,artist,asciiName,attractionLights,availability,boosterTypes,borderColor,cardKingdomEtchedId,cardKingdomFoilId,cardKingdomId,cardParts,cardsphereId,colorIdentity,colorIndicator,colors,convertedManaCost,duelDeck,edhrecRank,faceConvertedManaCost,faceFlavorName,faceManaValue,faceName,finishes,flavorName,flavorText,frameEffects,frameVersion,hand,hasAlternativeDeckLimit,hasContentWarning,hasFoil,hasNonFoil,isAlternative,isFullArt,isFunny,isOnlineOnly,isOversized,isPromo,isRebalanced,isReprint,isReserved,isStarter,isStorySpotlight,isTextless,isTimeshifted,keywords,language,layout,leadershipSkills,life,loyalty,manaCost,manaValue,mcmId,mcmMetaId,mtgArenaId,mtgjsonV4Id,mtgoFoilId,mtgoId,multiverseId,name,number,originalPrintings,originalReleaseDate,originalText,originalType,otherFaceIds,power,printings,promoTypes,purchaseUrls,rarity,rebalancedPrintings,scryfallId,scryfallIllustrationId,scryfallOracleId,securityStamp,setCode,side,signature,subtypes,supertypes,tcgplayerEtchedProductId,tcgplayerProductId,text,toughness,type,types,uuid,variations,watermark
69485,69486,Johannes Voss,,,"arena,mtgo,paper",,borderless,,253162,252409,,82726,W,,W,3.0,,7506.0,,,,,"nonfoil,foil",Abraham Van Helsing,,,2015,,0,0,1,1,0,0,0,0,0,0,0,0,0,1,0,0,0,Training,English,normal,,,,{1}{W}{W},3.0,581388,346601,79130,d621e5e4-2846-5d12-8bb6-59d6b12c459e,,,544464,Savior of Ollenbock,330,,,"Training
Whenever Savior of Ollenbock trains, exile up to one other target creature from the battlefield or creature card from a graveyard.
When Savior of Ollenbock leaves the battlefield, put the exiled cards onto the battlefield under their owners' control.",Creature — Human Soldier,,1,"DBL,PVOW,VOW","draculaseries,boosterfun","{'cardKingdom': 'https://mtgjson.com/links/09ebbf3c08f56b1e', 'cardKingdomFoil': 'https://mtgjson.com/links/e7d0ae13c820b292', 'cardmarket': 'https://mtgjson.com/links/bb612a0152d1ce76', 'tcgplayer': 'https://mtgjson.com/links/10ff060328c181d8'}",mythic,,15a2d232-484c-4ec2-814b-e1018277a1ff,32270513-0742-4548-b51b-7c7e343b7157,1857dc32-8ff1-4519-b1ca-480a5c2d3b3c,oval,VOW,,,"Human,Soldier",,,253200,"Training (Whenever this creature attacks with another creature with greater power, put a +1/+1 counter on this creature.)
Whenever Savior of Ollenbock trains, exile up to one other target creature from the battlefield or creature card from a graveyard.
When Savior of Ollenbock leaves the battlefield, put the exiled cards onto the battlefield under their owners' control.",2,Creature — Human Soldier,Creature,ccd21ae8-ca0b-529c-8dd4-006e4834b09c,"d1775172-1134-50d1-843c-391b1f3b035c,054a8bbb-d342-5ec8-94ab-34e96510d8ab",
29132,29133,Sam Rowan,,,"arena,mtgo,paper",,borderless,,233160,232215,,67243,G,,G,4.0,,1738.0,,,,,"nonfoil,foil","Anguirus, Armored Killer",,,2015,,0,0,1,1,0,0,0,0,0,0,0,0,0,1,0,0,0,"Mutate,Reach,Trample",English,normal,,,,{3}{G},4.0,451818,300613,73522,dbef23d1-9286-5f3f-8723-fd041c28b6d2,,,482375,Gemrazer,376,,,"Mutate {1}{G}{G}
Reach, trample
Whenever this creature mutates, destroy target artifact or enchantment an opponent controls.",Creature — Beast,,4,"IKO,PIKO,PRM","boxtopper,godzillaseries,boosterfun","{'cardKingdom': 'https://mtgjson.com/links/8209e13f84763fca', 'cardKingdomFoil': 'https://mtgjson.com/links/1350417986e964eb', 'cardmarket': 'https://mtgjson.com/links/b168d65006712b66', 'tcgplayer': 'https://mtgjson.com/links/c9cc3fbc7d8b6f7b'}",rare,,c811c0d4-e2fc-45eb-8a76-b89c38a95536,d222335c-c72e-4fea-9ca7-1c8fc32668f3,3dfb0c0a-b68f-43b9-8475-28d0192fc4ed,oval,IKO,,,Beast,,,212073,"Mutate {1}{G}{G} (If you cast this spell for its mutate cost, put it over or under target non-Human creature you own. They mutate into the creature on top plus all abilities from under it.)
Reach, trample
Whenever this creature mutates, destroy target artifact or enchantment an opponent controls.",4,Creature — Beast,Creature,72af5eef-c83e-5498-b3ea-4245b9e4c376,"ad472671-1604-5585-8ae8-603a73b41915,14c9bb0e-89a9-5b12-8f95-cae9eda7cf90",
29127,29128,Simon Dominic,,,"arena,mtgo,paper",,borderless,,233138,232167,,67249,U,,U,2.0,,4170.0,,,,,"nonfoil,foil","Babygodzilla, Ruin Reborn",,,2015,,0,0,1,1,0,0,0,0,0,0,0,0,0,1,0,0,0,,English,normal,,,,{1}{U},2.0,451133,300448,73518,277af747-f32b-5b76-b8c3-436b0550f791,,,482372,Pollywog Symbiote,372,,,"Each creature spell you cast costs {1} less to cast if it has mutate.
Whenever you cast a creature spell, if it has mutate, draw a card, then discard a card.",Creature — Frog,,1,"IKO,PRM","boxtopper,godzillaseries,boosterfun","{'cardKingdom': 'https://mtgjson.com/links/9ebe91fbb987307d', 'cardKingdomFoil': 'https://mtgjson.com/links/23b1285ef7639158', 'cardmarket': 'https://mtgjson.com/links/e4559d1232da65eb', 'tcgplayer': 'https://mtgjson.com/links/86098a23818a6ffc'}",uncommon,,dd60a4f8-cb75-42e9-8a33-347e0f4bb458,670c2127-95f5-434c-98f0-f8682706802c,0a766368-c982-4cba-9638-c7a56978c240,,IKO,,,Frog,,,212029,"Each creature spell you cast costs {1} less to cast if it has mutate.
Whenever you cast a creature spell, if it has mutate, draw a card, then discard a card.",3,Creature — Frog,Creature,3aa21396-8dcd-5f9a-9243-677182293d4a,233db185-ba73-50fa-a8b6-b36976a0a770,
60817,60818,Brandon L. Hunt,,,paper,,borderless,,,,,,,,,2.0,,1170.0,,,,,"nonfoil,foil",Battle Bus,Don't forget to thank the Bus Driver.,inverted,2015,,0,0,1,1,0,0,0,0,0,0,0,1,0,0,0,0,0,"Crew,Flying",English,normal,,,,{2},2.0,,,,33b764ad-4376-529b-922b-386ed41504cf,,,,Smuggler's Copter,446,,2022-07-07,,,,3,"KLD,NEC,PKLD,SLD",,{'tcgplayer': 'https://mtgjson.com/links/e51c1a2c5e24424d'},rare,,1daf0244-ffb9-42f3-8301-34cee7b9ae1b,d06d61af-25a3-4bec-aa88-d48ee61fcfad,49136bdc-bc50-49a2-999a-1ef9c16ea130,triangle,SLD,,,Vehicle,,,279354,"Flying
Whenever Smuggler's Copter attacks or blocks, you may draw a card. If you do, discard a card.
Crew 1 (Tap any number of creatures you control with total power 1 or more: This Vehicle becomes an artifact creature until end of turn.)",3,Artifact — Vehicle,Artifact,56c15695-3786-568b-a136-a5fdedf78111,,
60816,60817,Felipe Martini,,,paper,,borderless,,,,,,G,,G,4.0,,560.0,,,,,"nonfoil,foil",Battle Royale,"I don't know how I got here, but I'l be the last one standing.",inverted,2015,,0,0,1,1,0,0,0,0,0,0,0,1,0,0,0,0,0,,English,normal,,,,{2}{G}{G},4.0,,,,ab70d92e-0f71-51b4-a146-8db1668ff233,,,,Triumph of the Hordes,445,,2022-07-07,,,,,"MB1,NPH,SLD,TD2",,{'tcgplayer': 'https://mtgjson.com/links/a0932ff60e4b6d79'},rare,,5c3f5bf2-6032-4016-8ede-91e65c87e1c2,302d9821-b2e8-44bd-a064-a657928d5d9b,3ded0c0c-40ce-4d14-a9a6-b023bc19ee0e,triangle,SLD,,,,,,279359,"Until end of turn, creatures you control get +1/+1 and gain trample and infect. (Creatures with infect deal damage to creatures in the form of -1/-1 counters and to players in the form of poison counters.)",,Sorcery,Sorcery,742cde9b-52f0-5276-b0a2-d29365ae86d4,,
29142,29143,羽山晃平,,,"arena,mtgo,paper",,borderless,,233168,232247,,67349,B,,B,4.0,,3690.0,,,,,"nonfoil,foil","Battra, Dark Destroyer",,,2015,,0,0,1,1,0,0,0,0,0,0,0,0,0,1,0,0,0,"Flash,Flying,Mutate",Japanese,normal,,,,{2}{B}{B},4.0,451773,300598,73650,a4a27388-7abd-57cb-9b4c-0553bf32a857,,,,Dirge Bat,386,,,,,,3,"IKO,PIKO,PRM","godzillaseries,boosterfun","{'cardKingdom': 'https://mtgjson.com/links/fe69abb9bb4fdc47', 'cardKingdomFoil': 'https://mtgjson.com/links/abf7d21fd9e32154', 'cardmarket': 'https://mtgjson.com/links/c77b0279b98e4f5f', 'tcgplayer': 'https://mtgjson.com/links/d4337a6b7b4cb47c'}",rare,,fdb53dbd-b35f-414a-9f99-d340ef9398dc,7e622821-1d4f-4eea-ae3c-2caedc433890,4746828f-46ea-439f-88de-5e54cc536545,oval,IKO,,,Bat,,,212069,"Mutate {4}{B}{B} (If you cast this spell for its mutate cost, put it over or under target non-Human creature you own. They mutate into the creature on top plus all abilities from under it.)
Flash
Flying
Whenever this creature mutates, destroy target creature or planeswalker an opponent controls.",3,Creature — Bat,Creature,fd9ff43c-fee9-5bdb-ab0a-d4c55f2178fd,"793cba6b-4f65-5834-b055-b83822576a86,cc2778a4-a8dc-55c8-8b0d-e5e09c4a868d",
29134,29135,Svetlin Velinov,,,"arena,mtgo,paper",,borderless,,233146,232178,,67241,"B,G,U",,"B,G,U",5.0,,4270.0,,,,,"nonfoil,foil",Bio-Quartz Spacegodzilla,,legendary,2015,,0,0,1,1,0,0,0,0,0,0,0,0,0,1,0,0,0,"Mutate,Trample",English,normal,"{'brawl': False, 'commander': True, 'oathbreaker': False}",,,{2}{B}{G}{U},5.0,451168,300463,73524,a7fbfc38-b40e-5cc3-9f9d-10819e52ebaa,,,482377,"Brokkos, Apex of Forever",378,,,"Mutate {2}{UB}{G}{G}
Trample
You may cast Brokkos, Apex of Forever from your graveyard using its mutate ability.",Legendary Creature — Nightmare Beast Elemental,,6,"IKO,PIKO,PRM","boxtopper,godzillaseries,boosterfun","{'cardKingdom': 'https://mtgjson.com/links/f1be778498ffab1f', 'cardKingdomFoil': 'https://mtgjson.com/links/8e5a872e67c2e0fb', 'cardmarket': 'https://mtgjson.com/links/d16400b8385e232b', 'tcgplayer': 'https://mtgjson.com/links/8020279f5f1abb16'}",mythic,,4cf6ca85-0ef5-4104-b0e6-1137c4975579,ee862c36-58c0-466e-83d0-3782f6d034b1,e9137b54-3464-4f57-95e3-f94bf2ac854e,oval,IKO,,,"Nightmare,Beast,Elemental",Legendary,,212040,"Mutate {2}{U/B}{G}{G} (If you cast this spell for its mutate cost, put it over or under target non-Human creature you own. They mutate into the creature on top plus all abilities from under it.)
Trample
You may cast Brokkos, Apex of Forever from your graveyard using its mutate ability.",6,Legendary Creature — Nightmare Beast Elemental,Creature,a95d4adb-9fc8-5331-816e-a26c844e4195,"575bd36a-9beb-505b-8df8-4447687bfa8f,7b0aad4c-3f93-5250-a60a-3a121d8eac02",
29136,29137,Torstein Nordstrand,,,"arena,mtgo,paper",,borderless,,233161,232216,,67248,"B,G,W",,"B,G,W",5.0,,2979.0,,,,,"nonfoil,foil","Biollante, Plant Beast Form",,legendary,2015,,0,0,1,1,0,0,0,0,0,0,0,0,0,1,0,0,0,"Deathtouch,Lifelink,Mutate",English,normal,"{'brawl': False, 'commander': True, 'oathbreaker': False}",,,{2}{W}{B}{G},5.0,451838,300618,73526,8abdb1b6-88de-5b60-b7f8-003e5eabfa8b,,,482379,"Nethroi, Apex of Death",380,,,"Mutate {4}{RW}{B}{B}
Deathtouch, lifelink
Whenever this creature mutates, return any number of target creature cards with total power 10 or less from your graveyard to the battlefield.",Legendary Creature — Cat Nightmare Beast,,5,"DMC,IKO,PIKO,PRM","boxtopper,godzillaseries,boosterfun","{'cardKingdom': 'https://mtgjson.com/links/430efef5ea9105d9', 'cardKingdomFoil': 'https://mtgjson.com/links/a9e5a5b7c78751d8', 'cardmarket': 'https://mtgjson.com/links/8a89797bbce038aa', 'tcgplayer': 'https://mtgjson.com/links/417bdd4933075d8b'}",mythic,,b9ebe73b-29d7-4a07-b7dc-a885dad61a88,9f808ff7-92bd-43e9-9afb-27643ca65919,66bef5a7-79b7-4a9c-98dc-8670f867f04c,oval,IKO,,,"Cat,Nightmare,Beast",Legendary,,212076,"Mutate {4}{G/W}{B}{B} (If you cast this spell for its mutate cost, put it over or under target non-Human creature you own. They mutate into the creature on top plus all abilities from under it.)
Deathtouch, lifelink
Whenever this creature mutates, return any number of target creature cards with total power 10 or less from your graveyard to the battlefield.",5,Legendary Creature — Cat Nightmare Beast,Creature,6f8ddb82-805d-573a-beca-5d8f369c8108,"6468e77d-1c96-59a8-8ef9-94b8732f1c23,5be41c2f-a7dc-5933-84b1-44c341c78e81",
60997,60998,Alexandre Leoni,,,paper,,black,,,,,,R,,,1.0,,4417.0,,,,,"nonfoil,foil",Boogie Bomb,You're gonna love this next one.,,2015,,0,0,1,1,0,0,0,0,0,0,0,1,0,0,0,0,0,,English,normal,,,,{1},1.0,676509,,,bdc1c606-e947-5c2d-9538-dd1c4c3b43de,,,,Pyrite Spellbomb,676,,2022-07-07,,,,,"2XM,DDU,MMA,MRD,SLD",,{'tcgplayer': 'https://mtgjson.com/links/fa16abbb1de139f0'},rare,,6ac01b7b-7f0c-44ce-a183-28b52dd09833,3bf26adb-2701-48bc-a595-a800d60e3eb2,2c10cae2-951a-4f4f-94e4-8713b58d07dd,triangle,SLD,,,,,,282699,"{R}, Sacrifice Pyrite Spellbomb: It deals 2 damage to any target.
{1}, Sacrifice Pyrite Spellbomb: Draw a card.",,Artifact,Artifact,b126253c-304c-522e-a75a-b05b3866083b,,
69572,69573,Cliff Childs,,,"arena,mtgo,paper",,borderless,,253360,,,,,,,0.0,,2735.0,,,,,foil,Castle Dracula,,inverted,2015,,0,0,1,0,0,0,0,0,0,1,0,0,0,1,0,0,0,,English,normal,,,,,0.0,581390,346581,79128,68074a4d-ab9b-514f-bc0d-b0a58a49193f,,,544452,Voldaren Estate,403,,,"{T}: Add {C}.
{T}, Pay 1 life: Add one mana of any color. Spend this mana only to cast a Vampire spell.
{5}, {T}: Create a Blood token. This ability costs {1} less to activate for each Vampire you control.",Land,,,"DBL,PVOW,VOW","draculaseries,buyabox","{'cardKingdomFoil': 'https://mtgjson.com/links/415db64b7c4a7c74', 'cardmarket': 'https://mtgjson.com/links/35d661db4837c64e', 'tcgplayer': 'https://mtgjson.com/links/f721ae4d5763725b'}",rare,,43ec9524-0958-4ce5-b521-ce38dd54a9d1,03f34165-01bc-45a6-9dee-dccc33445d32,fb0c0426-f1a6-4e52-9242-627786d3119a,oval,VOW,,,,,,252963,"{T}: Add {C}.
{T}, Pay 1 life: Add one mana of any color. Spend this mana only to cast a Vampire spell.
{5}, {T}: Create a Blood token. This ability costs {1} less to activate for each Vampire you control. (It's an artifact with ""{1}, {T}, Discard a card, Sacrifice this artifact: Draw a card."")",,Land,Land,6a305874-0e44-519e-84c4-02e2baeae9be,"23df94c4-ae72-5f0f-bc7a-a450bb55b08f,6ee89f05-b140-58e1-9b16-3db99917aae2",
60710,60711,Greg Staples,,,paper,,black,,252215,252201,,,"R,W",,"R,W",4.0,,8265.0,,,,,"nonfoil,foil",Chief Jim Hopper,"""Track the rot. See how far it goes.""","legendary,inverted",2015,,0,0,1,1,0,0,0,0,0,0,0,0,0,0,0,0,0,"Investigate,Menace",English,normal,"{'brawl': False, 'commander': True, 'oathbreaker': False}",,,{2}{R}{W},4.0,,,,8829d53e-8402-5ca1-9044-014425fb1a38,,,,"Sophina, Spearsage Deserter",341,,2021-10-15,,,,4,"SLD,SLX",,"{'cardKingdom': 'https://mtgjson.com/links/657db3b4ca459c2d', 'cardKingdomFoil': 'https://mtgjson.com/links/98308139299112c2', 'tcgplayer': 'https://mtgjson.com/links/39b67a71bea82299'}",rare,,49414b93-55c5-4eea-8699-01bad0b9a7ac,c716be1b-b720-482c-b80f-9e12eb654738,095dabda-4570-4764-8d62-4a29eb19d3e6,triangle,SLD,,,"Human,Soldier",Legendary,,251737,"Menace
Whenever Sophina, Spearsage Deserter attacks, investigate once for each nontoken attacking creature.
Friends forever (You can have two commanders if both have friends forever.)",4,Legendary Creature — Human Soldier,Creature,8ce60f81-4d78-5fb5-95fb-d0381484fd52,,
69495,69496,Bastien L. Deharme,,,"arena,mtgo,paper",,borderless,,253164,252413,,82727,B,,B,4.0,,4500.0,,,,,"nonfoil,foil",Count Dracula,,inverted,2015,,0,0,1,1,0,0,0,0,0,0,0,0,0,1,0,0,0,,English,normal,"{'brawl': True, 'commander': False, 'oathbreaker': True}",,4,{2}{B}{B},4.0,581329,346580,79140,54e5f88f-823d-5540-9c6b-9dafa56cab69,,,544474,Sorin the Mirthless,337,,,"+1: Look at the top card of your library. You may reveal that card and put it into your hand. If you do, you lose life equal to its mana value.
−2: Create a 2/3 black Vampire creature token with flying and lifelink.
−7: Sorin the Mirthless deals 13 damage to any target. You gain 13 life.",Legendary Planeswalker — Sorin,,,"DBL,PVOW,VOW","draculaseries,boosterfun","{'cardKingdom': 'https://mtgjson.com/links/1f54509031393a6b', 'cardKingdomFoil': 'https://mtgjson.com/links/7d968bca8b5b00e2', 'cardmarket': 'https://mtgjson.com/links/481649d347de398f', 'tcgplayer': 'https://mtgjson.com/links/4ea776641b29f1a6'}",mythic,,260d784d-0213-44da-8f78-58968a185012,d67771aa-6ee7-497a-bc9d-ac613ff7e627,fbffaf9f-40e7-4113-a037-533b733cebce,oval,VOW,,,Sorin,Legendary,,253203,"[+1]: Look at the top card of your library. You may reveal that card and put it into your hand. If you do, you lose life equal to its mana value.
[−2]: Create a 2/3 black Vampire creature token with flying and lifelink.
[−7]: Sorin the Mirthless deals 13 damage to any target. You gain 13 life.",,Legendary Planeswalker — Sorin,Planeswalker,87209059-8177-59b0-93a9-8b4e9b958dba,"a3a10243-2d04-5d53-9494-debf602e0c75,1ad90d63-7713-50bf-b415-441c3be54aa0,a2afd3c1-bb5d-5365-a0e7-524f56e31258",
60815,60816,Roberto Gatto,,,paper,,borderless,,,,,,B,,B,3.0,,332.0,,,,,"nonfoil,foil",Crack the Vault,"You see a lock, I see an invitation.",inverted,2015,,0,0,1,1,0,0,0,0,0,0,0,1,0,0,0,0,0,,English,normal,,,,{1}{B}{B},3.0,,,,0d2f84f2-351d-54fe-af66-2cb7b7adb969,,,,Grim Tutor,444,,2022-07-07,,,,,"M21,ME3,PM21,PRM,S99,SLD",,{'tcgplayer': 'https://mtgjson.com/links/4d09e569b433ceb9'},mythic,,2f8eb787-02e9-47d1-a0d2-bac3f7eb8ce0,0dc50bff-60a6-4742-b46d-0b7c9535c729,e62f8d69-a559-4f13-a5c9-5fb750b4af2c,triangle,SLD,,,,,,279357,"Search your library for a card, put that card into your hand, then shuffle. You lose 3 life.",,Sorcery,Sorcery,bf0d421a-de15-5d3f-88a8-0285291a5ec5,bc4b85ab-5143-530f-a59c-ffad337dac77,
60813,60814,Caroline Gariba,,,paper,,borderless,,,,,,U,,U,2.0,,8073.0,,,,,"nonfoil,foil",Dance Battle,,inverted,2015,,0,0,1,1,0,0,0,0,0,0,0,1,0,0,0,0,0,,English,normal,,,,{U}{U},2.0,,,,cceba096-c3f6-5456-9109-68ea45187df6,,,,Dance of Many,442,,2022-07-07,,,,,"5ED,CHR,DRK,ME3,SLD",,{'tcgplayer': 'https://mtgjson.com/links/e85aa24396907a39'},rare,,556f7cc0-0fcb-4022-8a2d-9aebe889c891,12124b3c-9c31-4247-81a3-610e2eab8cc9,72e1a239-11a7-4dbe-b093-65d395e3ccc9,triangle,SLD,,,,,,279358,"When Dance of Many enters the battlefield, create a token that's a copy of target nontoken creature.
When Dance of Many leaves the battlefield, exile the token.
When the token leaves the battlefield, sacrifice Dance of Many.
At the beginning of your upkeep, sacrifice Dance of Many unless you pay {U}{U}.",,Enchantment,Enchantment,7e531bc8-d80e-5ec2-807d-1a57c2a73168,,
60848,60849,Riot Games,,,paper,,black,,255429,255428,,,G,,G,3.0,,128.0,,,,,"nonfoil,foil",Denting Blows,The Atlas Gauntlets did little to dissuade Vi of the notion that everything could be solved by punching.,,2015,,0,0,1,1,0,0,0,0,0,0,0,1,0,0,0,0,0,Split second,English,normal,,,,{2}{G},3.0,,,,999ac402-e8d8-5d9e-beac-d3592cc63cb1,,,,Krosan Grip,481,,2021-11-29,,,,,"C13,C15,C20,C21,CMA,F10,MMA,PRM,PZ1,SLD,STA,TSP,TSR",,"{'cardKingdom': 'https://mtgjson.com/links/76e5483d82f60f96', 'cardKingdomFoil': 'https://mtgjson.com/links/e88f018b7a5e4ea8', 'tcgplayer': 'https://mtgjson.com/links/719cb16fc52fc50c'}",rare,,4a8b631f-7b03-441a-b551-59236d79804c,035d8686-a4ea-4594-8f1e-cedcd7ea7f9b,3e39224c-72ce-4ecc-aa17-12c071ea1f3e,triangle,SLD,,,,,,259284,"Split second (As long as this spell is on the stack, players can't cast spells or activate abilities that aren't mana abilities.)
Destroy target artifact or enchantment.",,Instant,Instant,9eabc885-ed84-5e7c-97f2-11addeabd2e7,,
29130,29131,JOZ,,,"arena,mtgo,paper",,borderless,,233158,232213,,67242,R,,R,4.0,,6126.0,,,,,"nonfoil,foil","Destoroyah, Perfect Lifeform",,,2015,,0,0,1,1,0,0,0,0,0,0,0,0,0,1,0,0,0,"Flying,Mutate",English,normal,,,,{2}{R}{R},4.0,451788,300603,73520,50c884a5-5dae-5360-9214-3e75b909ef69,,,482373,Everquill Phoenix,374,,,"Mutate {3}{R}
Flying
Whenever this creature mutates, create a red artifact token named Feather with ""{1}, Sacrifice Feather: Return target Phoenix card from your graveyard to the battlefield tapped.""",Creature — Phoenix,,4,"IKO,PIKO,PRM","boxtopper,godzillaseries,boosterfun","{'cardKingdom': 'https://mtgjson.com/links/5d2d0e8806678d0b', 'cardKingdomFoil': 'https://mtgjson.com/links/e648aac9c53fd18c', 'cardmarket': 'https://mtgjson.com/links/34d3c7e438ccd2fc', 'tcgplayer': 'https://mtgjson.com/links/317abfed1bb014b2'}",rare,,96e93bf3-94e8-408c-94ba-e83796077548,fb986dae-e0ab-4688-9041-350c86bb0096,56ba78c1-d1eb-4cc1-b70d-98c35d2972ba,oval,IKO,,,Phoenix,,,212060,"Mutate {3}{R} (If you cast this spell for its mutate cost, put it over or under target non-Human creature you own. They mutate into the creature on top plus all abilities from under it.)
Flying
Whenever this creature mutates, create a red artifact token named Feather with ""{1}, Sacrifice Feather: Return target Phoenix card from your graveyard to the battlefield tapped.""",4,Creature — Phoenix,Creature,1a8426ed-5ac5-5715-9d28-9f0c41c12b74,"df2fd1f3-1b61-53ec-87a2-cc959b65af71,be20d529-183f-5f99-82d6-a3d35cc4c7e9",
29138,29139,Simon Dominic,,,"arena,mtgo,paper",,borderless,,233147,232179,,67395,"R,U",,"R,U",2.0,,4329.0,,,,,"nonfoil,foil","Dorat, the Perfect Pet",,,2015,,0,0,1,1,0,0,0,0,0,0,0,0,0,1,0,0,0,"Flying,Haste",English,normal,,,,{U}{R},2.0,451148,300458,73528,d5fda5e1-1d13-5545-be43-04b9ec56d21d,,,482381,Sprite Dragon,382,,,"Flying, haste
Whenever you cast a noncreature spell, put a +1/+1 counter on Sprite Dragon.",Creature — Faerie Dragon,,1,"CLB,IKO,PMEI,PRM","boxtopper,godzillaseries,boosterfun","{'cardKingdom': 'https://mtgjson.com/links/e81511d676a010ba', 'cardKingdomFoil': 'https://mtgjson.com/links/550bc963f25cfed5', 'cardmarket': 'https://mtgjson.com/links/d1b866f754f64ff3', 'tcgplayer': 'https://mtgjson.com/links/3b312ca017159142'}",uncommon,,94d3b231-d15d-4186-826c-452009cd5c5e,1cd28d3e-1dcb-4348-99f1-c972392ebde8,a9d8ab76-70a4-475e-b87e-4737c090553a,,IKO,,,"Faerie,Dragon",,,212043,"Flying, haste
Whenever you cast a noncreature spell, put a +1/+1 counter on Sprite Dragon.",1,Creature — Faerie Dragon,Creature,7a8fdc89-bdd8-5f81-8fe1-af8c5663907f,"f3a94132-ce71-5556-bfd3-1461601a810d,70647cee-589b-5e81-9fc6-142f30ce95de",
69504,69505,Greg Staples,,,"arena,mtgo,paper",,borderless,,253185,252458,,82731,"G,W",,"G,W",3.0,,2229.0,,,,,"nonfoil,foil",Dr. John Seward,He seems absolutely imperturbable. I can fancy what a wonderful power he must have over his patients.,legendary,2015,,0,0,1,1,0,0,0,0,0,0,0,0,0,1,0,0,0,Training,English,normal,"{'brawl': True, 'commander': True, 'oathbreaker': False}",,,{1}{G}{W},3.0,581652,346654,79149,a4b17bf1-48d4-5f5d-80b3-2971bbfe033f,,,544483,"Torens, Fist of the Angels",344,,,"Training
Whenever you cast a creature spell, create a 1/1 green and white Human Soldier creature token with training.",Legendary Creature — Human Cleric,,2,"DBL,PVOW,VOW","draculaseries,boosterfun","{'cardKingdom': 'https://mtgjson.com/links/90db618c944b9ee5', 'cardKingdomFoil': 'https://mtgjson.com/links/164fc77594f2af5d', 'cardmarket': 'https://mtgjson.com/links/e8a4eb46ac46601b', 'tcgplayer': 'https://mtgjson.com/links/b3613b2501c85020'}",rare,,162a3448-34fd-4de6-a6b4-f6d636eead8c,e23cb1bb-9444-4c2f-bd40-91c8f963a469,2cb96408-9195-4e41-ad9a-f8c74fbad083,oval,VOW,,,"Human,Cleric",Legendary,,253206,"Training (Whenever this creature attacks with another creature with greater power, put a +1/+1 counter on this creature.)
Whenever you cast a creature spell, create a 1/1 green and white Human Soldier creature token with training.",2,Legendary Creature — Human Cleric,Creature,8e3de8cf-3769-5484-aefa-c99724ea361f,"9440068d-09f4-5593-8fec-f3565a0167b4,ba8cfcd9-77c4-5b67-a1ea-23f0a03a4e9d",
69500,69501,Lucas Graciano,,,"arena,mtgo,paper",,borderless,,253266,253146,,82749,"B,W",,"B,W",4.0,,3998.0,4.0,Dracula the Voyager,4.0,"Edgar, Charmed Groom","nonfoil,foil",Dracula the Voyager // Casket of Native Earth,"""It is in the hold, perhaps in one of those boxes. I'll unscrew them one by one and see. You work the helm.""","legendary,sunmoondfc",2015,,0,0,1,1,0,0,0,0,0,0,0,0,0,1,0,0,0,Transform,English,transform,"{'brawl': True, 'commander': True, 'oathbreaker': False}",,,{2}{W}{B},4.0,583598,346966,79145,8fc45d29-15b4-5db0-bb19-c56617f360a4,,,544479,"Edgar, Charmed Groom // Edgar Markov's Coffin",341,,,"Other Vampires you control get +1/+1.
When Edgar, Charmed Groom dies, return it to the battlefield transformed under its owner's control.",Legendary Creature — Vampire Noble,8d59cb71-e741-57c3-a4fc-87265611cd08,4,"DBL,PVOW,VOW","draculaseries,boosterfun","{'cardKingdom': 'https://mtgjson.com/links/d28c55a7a31beb82', 'cardKingdomFoil': 'https://mtgjson.com/links/dd291dcfb69bbd2d', 'cardmarket': 'https://mtgjson.com/links/141cbcc7467cf1a6', 'tcgplayer': 'https://mtgjson.com/links/ab4ac414b74b73b3'}",rare,,10732397-68eb-4f1d-a2e6-10479f66805f,c627d2f9-5ffd-4526-b6da-300ee3aeee9a,96cb97ca-4ce0-4d33-86fb-4db4ce1956be,oval,VOW,a,,"Vampire,Noble",Legendary,,253755,"Other Vampires you control get +1/+1.
When Edgar, Charmed Groom dies, return it to the battlefield transformed under its owner's control.",4,Legendary Creature — Vampire Noble,Creature,7c24d5e5-d467-522e-a26a-01c0207d698a,"c63aa2d2-7882-57da-8498-63ea294c91e6,daf26d55-b1a4-5576-83c9-7da3a5717a11",
69501,69502,Lucas Graciano,,,"arena,mtgo,paper",,borderless,,,,,82749,"B,W","B,W","B,W",4.0,,3998.0,0.0,Casket of Native Earth,0.0,Edgar Markov's Coffin,"nonfoil,foil",Dracula the Voyager // Casket of Native Earth,,"legendary,sunmoondfc",2015,,0,0,1,1,0,0,0,0,0,0,0,0,0,1,0,0,0,Transform,English,transform,,,,,4.0,583598,,79145,f2556c65-96b5-50b3-a430-7d6a6851a93b,,,544480,"Edgar, Charmed Groom // Edgar Markov's Coffin",341,,,"At the beginning of your upkeep, create a 1/1 white and black Vampire creature token with lifelink and put a bloodline counter on Edgar Markov's Coffin. Then if there are three or more bloodline counters on it, remove those counters and transform it.",Legendary Artifact,7c24d5e5-d467-522e-a26a-01c0207d698a,,"DBL,PVOW,VOW","draculaseries,boosterfun",{'tcgplayer': 'https://mtgjson.com/links/409a22ac38235211'},rare,,10732397-68eb-4f1d-a2e6-10479f66805f,2aa394e3-735d-4ccb-af07-a5aeb05e8037,96cb97ca-4ce0-4d33-86fb-4db4ce1956be,oval,VOW,b,,,Legendary,,253755,"At the beginning of your upkeep, create a 1/1 white and black Vampire creature token with lifelink and put a bloodline counter on Edgar Markov's Coffin. Then if there are three or more bloodline counters on it, remove those counters and transform it.",,Legendary Artifact,Artifact,8d59cb71-e741-57c3-a4fc-87265611cd08,"b37ee2b4-ab96-5aa9-b474-135e9a26da46,7534be9b-15c3-5805-bb78-a78cf90b735e",
60586,60587,Nicholas Gregory,,,paper,,borderless,,255026,255025,,,B,,,0.0,,228.0,,,,,"nonfoil,foil",Dracula's Tomb,"There was one great tomb more lordly than all of the rest; huge it was, and nobly proportioned. On it was but one word
DRACULA.",legendary,2015,,0,0,1,1,0,0,0,0,0,0,0,1,0,0,0,0,0,,English,normal,,,,,0.0,,,,fb8baec1-2076-5b48-bc15-081d77bf47e1,,,,Phyrexian Tower,208,,2021-11-29,,,,,"JMP,PLIST,SLD,UMA,USG,WC00",,"{'cardKingdom': 'https://mtgjson.com/links/5179eae41c60a4a0', 'cardKingdomFoil': 'https://mtgjson.com/links/3308b90d74afad10', 'tcgplayer': 'https://mtgjson.com/links/464b917211eedd3b'}",rare,,3097b876-ffb4-4388-beb1-d25d887593b9,d0199b3c-c677-4b57-94ec-443029818c5a,1861e642-21d5-4232-89f3-b5557f2946c1,oval,SLD,,,,Legendary,,259260,"{T}: Add {C}.
{T}, Sacrifice a creature: Add {B}{B}.",,Legendary Land,Land,df33fdfa-bd34-5864-9645-798f19f85dd8,,
69490,69491,Greg Staples,,,"arena,mtgo,paper",,borderless,,253216,252556,,82733,B,,B,3.0,,6082.0,,,,,"nonfoil,foil","Dracula, Blood Immortal",,,2015,,0,0,1,1,0,0,0,0,0,0,0,0,0,1,0,0,0,Flying,English,normal,,,,{2}{B},3.0,581923,346716,79135,f1360d0a-95c8-5baf-bbe9-a270ff094c58,,,544469,Falkenrath Forebear,334,,,"Flying
Falkenrath Forebear can't block.
Whenever Falkenrath Forebear deals combat damage to a player, create a Blood token.
{B}, Sacrifice two Blood tokens: Return Falkenrath Forebear from your graveyard to the battlefield.",Creature — Vampire,,3,"DBL,PVOW,VOW","draculaseries,boosterfun","{'cardKingdom': 'https://mtgjson.com/links/07aeb63fd7c85f2a', 'cardKingdomFoil': 'https://mtgjson.com/links/a66f4278849645ed', 'cardmarket': 'https://mtgjson.com/links/6385b35a239fffa8', 'tcgplayer': 'https://mtgjson.com/links/3453c518ba3fe09a'}",rare,,48d43ab9-772d-4f4d-8536-3ea60e8f9f82,fbcb239b-6855-4b2a-a22c-59c2a5ff6e6e,940080ce-c504-48c8-a763-326fef907217,oval,VOW,,,Vampire,,,253071,"Flying
Falkenrath Forebear can't block.
Whenever Falkenrath Forebear deals combat damage to a player, create a Blood token.
{B}, Sacrifice two Blood tokens: Return Falkenrath Forebear from your graveyard to the battlefield.",1,Creature — Vampire,Creature,ea7f0224-cd76-5d73-9c40-067aa598e8c2,"bca2c03d-5d5e-5b9d-b414-f687455726d0,ee6f8412-2871-5eef-8ce9-107dee84b1c8",
69496,69497,Johann Bodin,,,"arena,mtgo,paper",,borderless,,253165,252415,,82723,B,,B,2.0,,4642.0,2.0,"Dracula, Lord of Blood",2.0,Voldaren Bloodcaster,"nonfoil,foil","Dracula, Lord of Blood // Dracula, Lord of Bats",,sunmoondfc,2015,,0,0,1,1,0,0,0,0,0,0,0,0,0,1,0,0,0,"Flying,Transform",English,transform,,,,{1}{B},2.0,581328,346582,79141,d273eb12-91a4-52b5-a545-c47680645d38,,,544475,Voldaren Bloodcaster // Bloodbat Summoner,338,,,"Flying
Whenever Voldaren Bloodcaster or another nontoken creature you control dies, create a Blood token.
Whenever you create a Blood token, if you control five or more Blood tokens, transform Voldaren Bloodcaster.",Creature — Vampire Wizard,409a24b6-f398-586f-a09c-881b79f3b9f9,2,"DBL,PVOW,VOW","draculaseries,boosterfun","{'cardKingdom': 'https://mtgjson.com/links/7fa885a43fb6f2ae', 'cardKingdomFoil': 'https://mtgjson.com/links/1f949325e41f2e38', 'cardmarket': 'https://mtgjson.com/links/fe8b399589282bbc', 'tcgplayer': 'https://mtgjson.com/links/0ebd8b253fb52c7a'}",rare,,0954ed3d-a5d8-4330-b07c-bf3e51192e4b,3d5d971e-abd6-4161-a203-bd20e36f89a8,a720f3d3-c2d7-4e50-8cc6-600120380e9c,oval,VOW,a,,"Vampire,Wizard",,,253196,"Flying
Whenever Voldaren Bloodcaster or another nontoken creature you control dies, create a Blood token. (It's an artifact with ""{1}, {T}, Discard a card, Sacrifice this artifact: Draw a card."")
Whenever you create a Blood token, if you control five or more Blood tokens, transform Voldaren Bloodcaster.",1,Creature — Vampire Wizard,Creature,ee52dc1d-3c5b-5fba-ae84-e2017c039deb,"cb5067fe-fe6e-5253-af3e-5a032903ec24,79f546ad-9452-5880-b095-9496480a9561",
69497,69498,Johann Bodin,,,"arena,mtgo,paper",,borderless,,,,,82723,B,B,B,2.0,,4642.0,0.0,"Dracula, Lord of Bats",0.0,Bloodbat Summoner,"nonfoil,foil","Dracula, Lord of Blood // Dracula, Lord of Bats","""Do you mean to tell me that Lucy was bitten by such a bat . . . ?""",sunmoondfc,2015,,0,0,1,1,0,0,0,0,0,0,0,0,0,1,0,0,0,Flying,English,transform,,,,,2.0,581328,,79141,ed15490e-ab71-5d52-9dc6-38f455945104,,,544476,Voldaren Bloodcaster // Bloodbat Summoner,338,,,"Flying
At the beginning of combat on your turn, up to one target Blood token you control becomes a 2/2 black Bat creature with flying and haste in addition to its other types.",Creature — Vampire Wizard,ee52dc1d-3c5b-5fba-ae84-e2017c039deb,3,"DBL,PVOW,VOW","draculaseries,boosterfun",{'tcgplayer': 'https://mtgjson.com/links/2117873a6713f1df'},rare,,0954ed3d-a5d8-4330-b07c-bf3e51192e4b,9c190f1e-4004-4f01-b799-e866f1d9da2b,a720f3d3-c2d7-4e50-8cc6-600120380e9c,oval,VOW,b,,"Vampire,Wizard",,,253196,"Flying
At the beginning of combat on your turn, up to one target Blood token you control becomes a 2/2 black Bat creature with flying and haste in addition to its other types.",3,Creature — Vampire Wizard,Creature,409a24b6-f398-586f-a09c-881b79f3b9f9,"2dd36e10-21c2-5b6f-944c-3eb8e012204d,b2cd6db0-34b7-561d-9736-7b5d783c9d06",
60711,60712,Colin Boyer,,,paper,,black,,252216,252203,,,"U,W",,"U,W",4.0,,10928.0,,,,,"nonfoil,foil","Dustin, Gadget Genius",,"legendary,inverted",2015,,0,0,1,1,0,0,0,0,0,0,0,0,0,0,0,0,0,,English,normal,"{'brawl': False, 'commander': True, 'oathbreaker': False}",,,{2}{W}{U},4.0,,,,9e8e950b-bff5-5cab-914a-a4344521ca01,,,,"Hargilde, Kindly Runechanter",342,,2021-10-15,,,,2,"SLD,SLX",,"{'cardKingdom': 'https://mtgjson.com/links/b93d74279b463b01', 'cardKingdomFoil': 'https://mtgjson.com/links/adea4cc57ff6f657', 'tcgplayer': 'https://mtgjson.com/links/4e9e61b5dccc58cd'}",rare,,281f1182-8ab2-4ae6-a38c-13cdbdb1fe43,e7954b27-7595-46ad-9046-762362c6d7a6,747009e7-da07-48c7-b838-687f19b884ea,triangle,SLD,,,Human,Legendary,,251738,"{T}: Add {C}{C}. Spend this mana only to cast artifact spells or activate abilities of artifacts.
Friends forever (You can have two commanders if both have friends forever.)",3,Legendary Creature — Human,Creature,2c53909f-3730-5fef-abeb-60475028ffa5,,
60712,60713,Pauline Voss,,,paper,,black,,252217,252202,,,"B,R,U",,"B,R,U",4.0,,8422.0,,,,,"nonfoil,foil","Eleven, the Mage",,"legendary,inverted",2015,,0,0,1,1,0,0,0,0,0,0,0,0,0,0,0,0,0,,English,normal,"{'brawl': False, 'commander': True, 'oathbreaker': False}",,,{1}{U}{B}{R},4.0,,,,04c0556b-4ff4-5a5a-a692-33b9473a43bb,,,,"Cecily, Haunted Mage",343,,2021-10-15,,,,3,"SLD,SLX",,"{'cardKingdom': 'https://mtgjson.com/links/4bde2a4b2985ca79', 'cardKingdomFoil': 'https://mtgjson.com/links/9c1c0abbfcca6aee', 'tcgplayer': 'https://mtgjson.com/links/5fa11d8d2fdf52b5'}",rare,,33e1e8fc-77b4-409d-9fc4-7bc6f6ae3e26,f98f28d6-812e-43c4-8f7c-377835c8054d,a726c27d-2955-4d41-b8a6-fca654c020a2,triangle,SLD,,,"Human,Wizard",Legendary,,251739,"Your maximum hand size is eleven.
Whenever Cecily, Haunted Mage attacks, you draw a card and you lose 1 life. Then if you have eleven or more cards in your hand, you may cast an instant or sorcery spell from your hand without paying its mana cost.
Friends forever (You can have two commanders if both have friends forever.)",5,Legendary Creature — Human Wizard,Creature,35422858-fe8b-574c-8149-c0f44968fa53,,
29135,29136,Nicholas Gregory,,,"arena,mtgo,paper",,borderless,,233139,232168,,67246,"G,R,U",,"G,R,U",5.0,,5106.0,,,,,"nonfoil,foil","Ghidorah, King of the Cosmos",,legendary,2015,,0,0,1,1,0,0,0,0,0,0,0,0,0,1,0,0,0,"Flying,Mutate,Trample",English,normal,"{'brawl': False, 'commander': True, 'oathbreaker': False}",,,{2}{G}{U}{R},5.0,451038,300348,73525,0d7b6cf7-cc20-5e93-bc4b-2ff69f9d831a,,,482378,"Illuna, Apex of Wishes",379,,,"Mutate {3}{RG}{U}{U}
Flying, trample
Whenever this creature mutates, exile cards from the top of your library until you exile a nonland permanent card. Put that card onto the battlefield or into your hand.",Legendary Creature — Beast Elemental Dinosaur,,6,"DMC,IKO,PIKO,PRM","boxtopper,godzillaseries,boosterfun","{'cardKingdom': 'https://mtgjson.com/links/94028da72b3f74c9', 'cardKingdomFoil': 'https://mtgjson.com/links/f702fcbf3cfb3ac6', 'cardmarket': 'https://mtgjson.com/links/7f012cb10cb169eb', 'tcgplayer': 'https://mtgjson.com/links/4c934929a612230e'}",mythic,,bfb1fba6-8eb3-4338-9249-cec888c892dc,a1d69d81-a9cd-446e-94c3-577e5dd2ed96,08daa30f-7ce0-4a72-b539-fbb0c585fd73,oval,IKO,,,"Beast,Elemental,Dinosaur",Legendary,,212004,"Mutate {3}{R/G}{U}{U} (If you cast this spell for its mutate cost, put it over or under target non-Human creature you own. They mutate into the creature on top plus all abilities from under it.)
Flying, trample
Whenever this creature mutates, exile cards from the top of your library until you exile a nonland permanent card. Put that card onto the battlefield or into your hand.",6,Legendary Creature — Beast Elemental Dinosaur,Creature,824d322b-6117-5f32-a56a-5c67cb6a6baf,"f3f01bdc-5679-5f7d-94cc-caa5c889f620,0898a67d-e593-5028-b0e2-66f9fe5c11b4",
29140,29141,Jesper Ejsing,,,"arena,mtgo,paper",,borderless,,233142,232171,,67244,"B,U",,"B,U",6.0,,2629.0,,,,,"nonfoil,foil","Gigan, Cyberclaw Terror",,"companion,legendary",2015,,0,0,1,1,0,0,0,0,0,0,0,0,0,1,0,0,0,"Companion,Mill",English,normal,"{'brawl': False, 'commander': True, 'oathbreaker': False}",,,{4}{U/B}{U/B},6.0,451083,300428,73530,b6c0604b-fe84-5da1-bd34-fb0b271ef81a,,,482383,"Gyruda, Doom of Depths",384,,,"Companion — Your starting deck contains only cards with even converted mana costs.
When Gyruda enters the battlefield, each player puts the top four cards of their library into their graveyard. Put a creature card with an even converted mana cost from among those cards onto the battlefield under your control.",Legendary Creature — Demon Kraken,,6,"IKO,PIKO,PRM","boxtopper,godzillaseries,boosterfun","{'cardKingdom': 'https://mtgjson.com/links/fe02bd66c5f9dfe3', 'cardKingdomFoil': 'https://mtgjson.com/links/c5e63d2a09056e8c', 'cardmarket': 'https://mtgjson.com/links/a3b8ed54048a25ff', 'tcgplayer': 'https://mtgjson.com/links/5b453cdcb98fcb7d'}",rare,,206739b3-9b6a-4855-a2c3-721879bdbfb7,bc2d8c25-491d-4aae-b7c6-f9b8d8a00f08,25eaa977-ca85-4f8d-8be5-9297a3edb14f,oval,IKO,,,"Demon,Kraken",Legendary,,212253,"Companion — Your starting deck contains only cards with even mana values. (If this card is your chosen companion, you may put it into your hand from outside the game for {3} any time you could cast a sorcery.)
When Gyruda enters the battlefield, each player mills four cards. Put a creature card with an even mana value from among the milled cards onto the battlefield under your control.",6,Legendary Creature — Demon Kraken,Creature,f4d96a33-af22-5177-92a8-c79537b530d2,"6f3fc058-f695-5b01-8262-a88b95dd1d5f,c852305e-6481-59c0-b540-5372cdaee0bb",
29131,29132,Yigit Koroglu,,,"arena,mtgo,paper",,borderless,,233159,232214,,67255,R,,R,7.0,,4286.0,,,,,"nonfoil,foil","Godzilla, Doom Inevitable",,legendary,2015,,0,0,1,1,0,0,0,0,0,0,0,0,0,1,0,0,0,"Cycling,Haste,Trample",English,normal,"{'brawl': False, 'commander': True, 'oathbreaker': False}",,,{5}{R}{R},7.0,451803,300608,73521,26a08e58-ee46-52b8-b27d-ed693e7678d5,,,482374,"Yidaro, Wandering Monster",375,,,"Trample, haste
Cycling {1}{R}
When you cycle Yidaro, Wandering Monster, shuffle it into your library from your graveyard. If you've cycled a card named Yidaro, Wandering Monster four or more times this game, put it onto the battlefield from your graveyard instead.",Legendary Creature — Dinosaur Turtle,,8,"IKO,PIKO,PRM","boxtopper,godzillaseries,boosterfun","{'cardKingdom': 'https://mtgjson.com/links/ccc011e12ca80dbb', 'cardKingdomFoil': 'https://mtgjson.com/links/2836429f95e48fdd', 'cardmarket': 'https://mtgjson.com/links/dd769305165a14f0', 'tcgplayer': 'https://mtgjson.com/links/796d8617e96290da'}",rare,,8bb6b4c7-4f18-4bea-b927-916c7bb987ee,9539747c-eff1-42c8-bbc2-1ab72a90097e,6c0e22f2-f0f3-43e6-87c5-c543032112d8,oval,IKO,,,"Dinosaur,Turtle",Legendary,,212061,"Trample, haste
Cycling {1}{R}
When you cycle Yidaro, Wandering Monster, shuffle it into your library from your graveyard. If you've cycled a card named Yidaro, Wandering Monster four or more times this game, put it onto the battlefield from your graveyard instead. (Do this before you draw.)",8,Legendary Creature — Dinosaur Turtle,Creature,ada1956b-bb99-5e73-b440-e6c320ba133a,"1ed1090b-a684-5560-ae82-946f39d710b1,11a2496e-22c2-5ac8-b094-20dc58815110",
29029,29030,Antonio José Manzanedo,,,"arena,mtgo,paper",,borderless,,232699,232701,,67434,"G,R",,"G,R",5.0,,6842.0,,,,,"nonfoil,foil","Godzilla, King of the Monsters",,legendary,2015,,0,0,1,1,0,0,0,0,0,1,0,0,0,1,0,0,0,Trample,English,normal,"{'brawl': False, 'commander': True, 'oathbreaker': False}",,,{3}{R}{G},5.0,,,71341,1bff68ff-38d0-5a26-9613-38618ed9b961,,80583,482524,"Zilortha, Strength Incarnate",275,,,"Trample
Lethal damage dealt to creatures you control is determined by their power rather than their toughness.",Legendary Creature — Dinosaur,,7,IKO,"godzillaseries,buyabox","{'cardKingdom': 'https://mtgjson.com/links/57e7d7d77a50c363', 'cardKingdomFoil': 'https://mtgjson.com/links/4ceaa54fa9d7c758', 'tcgplayer': 'https://mtgjson.com/links/73c257fa5a7fc613'}",mythic,,9a0639a0-c898-4a07-975c-a02bdd53175b,8d559a97-e193-48f3-93c4-e8161ce0613a,2dba8d8d-891e-482e-8014-879f701d0619,oval,IKO,,,Dinosaur,Legendary,,212041,"Trample
Lethal damage dealt to creatures you control is determined by their power rather than their toughness.",3,Legendary Creature — Dinosaur,Creature,bf553e3b-7b79-5cf1-a40e-a0115baa6b81,30c3ae76-75b2-5fee-be86-2a847ce7c954,
29133,29134,Lius Lasahido,,,"arena,mtgo,paper",,borderless,,233145,232177,,67252,G,,G,9.0,,2266.0,,,,,"nonfoil,foil","Godzilla, Primeval Champion",,,2015,,0,0,1,1,0,0,0,0,0,0,0,0,0,1,0,0,0,"Cycling,Trample",English,normal,,,,{7}{G}{G},9.0,451108,300438,73523,ec7c426d-409b-5c98-a722-e30abdc4f96e,,,482376,Titanoth Rex,377,,,"Trample
Cycling {1}{G}
When you cycle Titanoth Rex, put a trample counter on target creature you control.",Creature — Dinosaur Beast,,11,"IKO,PRM","boxtopper,godzillaseries,boosterfun","{'cardKingdom': 'https://mtgjson.com/links/4ed449ef3b833564', 'cardKingdomFoil': 'https://mtgjson.com/links/74fc6a8ce1f209e1', 'cardmarket': 'https://mtgjson.com/links/f1d26a3860f13276', 'tcgplayer': 'https://mtgjson.com/links/3b2627287d37061d'}",uncommon,,b4817b86-d55a-4334-82ee-603f8c4b3e93,cffdb3a7-0383-469c-be38-e50dff67c4b5,8656a32b-eb95-402b-9daf-0b6d876b4b13,,IKO,,,"Dinosaur,Beast",,,212031,"Trample
Cycling {1}{G} ({1}{G}, Discard this card: Draw a card.)
When you cycle Titanoth Rex, put a trample counter on target creature you control.",11,Creature — Dinosaur Beast,Creature,65a430c8-6201-5667-8606-0bd8512e0d6e,8c9f38a6-4e08-5d56-a07c-aa39f211d0e3,
61009,61010,Riot Games,,,paper,,black,,262230,260713,,,G,,G,1.0,,1010.0,,,,,"nonfoil,foil",Gromp,"Gromp spores can be distilled into a variety of powerful chemical agents, or added to tea for a disastrous afternoon in the city.",,2015,,0,0,1,1,0,0,0,0,0,0,0,1,0,0,0,0,0,,English,normal,,,,{G},1.0,,,,dc4348c3-d313-562d-aadd-d476017d267b,,,,Spore Frog,696,,2021-11-29,,,,1,"MH1,PCY,SLD",,"{'cardKingdom': 'https://mtgjson.com/links/d7666c72b819fc4e', 'cardKingdomFoil': 'https://mtgjson.com/links/dea19b5f8968f7a3', 'tcgplayer': 'https://mtgjson.com/links/c6de3ed44eb8be8c'}",rare,,7a0d52a9-8694-46b4-aa0e-7b42b45b11db,2bb3bfea-bc95-4de1-a4fd-11706c288e85,97db6c39-e690-49b6-93a6-e51b8dfad10b,triangle,SLD,,,Frog,,,257778,Sacrifice Spore Frog: Prevent all combat damage that would be dealt this turn.,1,Creature — Frog,Creature,7b8abbab-1a9d-515d-9832-b50d5198c692,,
60996,60997,Jason Rainville,,,paper,,borderless,,264709,264710,,,R,,R,1.0,,306.0,,,,,"nonfoil,foil",Hadoken,,,2015,,0,0,1,1,0,0,0,0,0,0,0,1,0,0,0,0,0,,English,normal,,,,{R},1.0,,,,b1d6566c-3cd9-5051-9ba3-5f23a3af5c6f,,,,Lightning Bolt,675,,2022-02-18,,,,,"2ED,2X2,30A,3ED,4BB,4ED,A25,ATH,BTD,CED,CEI,CLB,E01,FBB,HBG,J21,JGP,JMP,LEA,LEB,M10,M11,MB1,ME1,MM2,P10,PD2,PF19,PLIST,PRM,PTC,SLD,STA,SUM,TD0",,"{'cardKingdom': 'https://mtgjson.com/links/247c56b5aee28174', 'cardKingdomFoil': 'https://mtgjson.com/links/6096e5619a467e3d', 'tcgplayer': 'https://mtgjson.com/links/a384a3e321b94909'}",rare,,27740ea5-79c8-420f-bc49-6d5eac58dac5,85c6f286-0e79-46ae-a576-96f28a461c0b,4457ed35-7c10-48c8-9776-456485fdf070,triangle,SLD,,,,,,272554,Lightning Bolt deals 3 damage to any target.,,Instant,Instant,28774c48-654f-5fdc-9547-42a187ff57c8,"26bb9b31-fc82-54b3-b13e-56dd1dba312a,fa340683-e523-511d-8c98-ea498d69da0c,20446d8e-c01e-5d05-93c1-488efb00087c,6787846a-9e3d-52cb-a190-24f29331c62d",
69505,69506,Alix Branwyn,,,"arena,mtgo,paper",,borderless,,253203,252527,,82734,,,,2.0,,5775.0,,,,,"nonfoil,foil",Harker's Journal,,,2015,,0,0,1,1,0,0,0,0,0,0,0,0,0,1,0,0,0,,English,normal,,,,{2},2.0,581912,346672,79150,6788e550-bf50-5edc-b186-7db814024afc,,,544484,Investigator's Journal,345,,,"Investigator's Journal enters the battlefield with a number of suspect counters on it equal to the greatest number of creatures a player controls.
{2}, {T}, Remove a suspect counter from Investigator's Journal: Draw a card.
{2}, Sacrifice Investigator's Journal: Draw a card.",Artifact — Clue,,,"DBL,PVOW,VOW","draculaseries,boosterfun","{'cardKingdom': 'https://mtgjson.com/links/01615fe42c1ec2c2', 'cardKingdomFoil': 'https://mtgjson.com/links/01982c5f68661c54', 'cardmarket': 'https://mtgjson.com/links/111e96c8560d749b', 'tcgplayer': 'https://mtgjson.com/links/090bb6a7fed8c4c3'}",rare,,a8191ff1-458f-4295-b253-c4748c933e92,30316f76-3691-47f7-91aa-78e2396e776e,22e0e822-c4aa-4ec1-b7e4-0c1c869ef71b,oval,VOW,,,Clue,,,253207,"Investigator's Journal enters the battlefield with a number of suspect counters on it equal to the greatest number of creatures a player controls.
{2}, {T}, Remove a suspect counter from Investigator's Journal: Draw a card.
{2}, Sacrifice Investigator's Journal: Draw a card.",,Artifact — Clue,Artifact,3471dadd-e2d0-51c2-af46-2ae3e51e3315,"10a4e7eb-5884-51b4-ad19-98e30d63e3ec,fe0e7e78-b0e3-5c39-83b5-d6dd93fbe87a",
60970,60971,Ravenna Tran,,,paper,,black,,258031,252337,,,B,,,0.0,,6543.0,0.0,Hawkins National Laboratory,0.0,Havengul Laboratory,"nonfoil,foil",Hawkins National Laboratory // The Upside Down,"""Today, we make history. Today, we make contact.""
—Dr. Martin Brenner","legendary,upsidedowndfc",2015,,0,0,1,1,0,0,0,0,0,0,0,0,0,0,0,0,0,"Investigate,Transform",English,transform,,,,,0.0,611222,,,35f8301c-b4e9-5d0c-8608-7703efc28c40,,,,Havengul Laboratory // Havengul Mystery,609,,2021-10-18,,,f21ea2f3-8ef4-55fc-b7fb-5d68ad005a1e,,"SLD,SLX",,"{'cardKingdom': 'https://mtgjson.com/links/773a41c211b9dc7e', 'cardKingdomFoil': 'https://mtgjson.com/links/2a483029ad4cd762', 'tcgplayer': 'https://mtgjson.com/links/fa728c3203fc9672'}",rare,,83a86763-c3fe-4cff-8b65-22cb329d112c,57eb443c-e039-4988-9f3c-e3f311667d12,e71ac446-02a4-4468-8d29-f28b21617665,triangle,SLD,a,,,Legendary,,252008,"{T}: Add {C}.
{4}, {T}: Investigate. (Create a colorless Clue artifact token with ""{2}, Sacrifice this artifact: Draw a card."")
At the beginning of your end step, if you sacrificed three or more Clues this turn, transform Havengul Laboratory.",,Legendary Land,Land,16015cde-4407-5b6a-b12b-62808c71be8b,,
60971,60972,Ravenna Tran,,,paper,,black,,,,,,B,,,0.0,,6543.0,0.0,The Upside Down,0.0,Havengul Mystery,"nonfoil,foil",Hawkins National Laboratory // The Upside Down,,"legendary,upsidedowndfc",2015,,0,0,1,1,0,0,0,0,0,0,0,0,0,0,0,0,0,Transform,English,transform,,,,,0.0,611222,,,49481217-6383-5b0f-ba0b-0dcbb8f13f3c,,,,Havengul Laboratory // Havengul Mystery,609,,2021-10-18,,,16015cde-4407-5b6a-b12b-62808c71be8b,,"SLD,SLX",,{'tcgplayer': 'https://mtgjson.com/links/fcdf597e95ce7451'},rare,,83a86763-c3fe-4cff-8b65-22cb329d112c,9fa64243-7bee-4238-9739-fd7b0bf73c72,e71ac446-02a4-4468-8d29-f28b21617665,triangle,SLD,b,,,Legendary,,252008,"When this land transforms into Havengul Mystery, return target creature card from your graveyard to the battlefield.
When the creature put onto the battlefield with Havengul Mystery leaves the battlefield, transform Havengul Mystery.
{T}, Pay 1 life: Add {B}.",,Legendary Land,Land,f21ea2f3-8ef4-55fc-b7fb-5d68ad005a1e,,
60584,60585,Nils Hamm,,,paper,,borderless,,255023,255020,,,B,,B,5.0,,654.0,,,,,"nonfoil,foil",Hunger of the Ancient One,"""Blood is too precious a thing in these days of dishonourable peace.""",,2015,,0,0,1,1,0,0,0,0,0,0,0,1,0,0,0,0,0,,English,normal,,,,{4}{B},5.0,,,,d74e1878-78b7-581a-8de6-00f402cc05ac,,,,Exquisite Blood,206,,2021-11-29,,,,,"AVR,JMP,PLIST,SLD",,"{'cardKingdom': 'https://mtgjson.com/links/90fbf2cd6dcc0fca', 'cardKingdomFoil': 'https://mtgjson.com/links/ea66b574f7777cdb', 'tcgplayer': 'https://mtgjson.com/links/856c884e283118de'}",rare,,a83dad59-27a4-4dbb-bec8-f0683d6e2a67,0cd04adf-4fda-46e2-a580-05f0e036462f,8f933fae-6c0c-42d7-a817-14760d8285cd,oval,SLD,,,,,,259261,"Whenever an opponent loses life, you gain that much life.",,Enchantment,Enchantment,3cf62271-58d7-554d-a94b-31ff0c580799,,
69487,69488,Slawomir Maniak,,,"arena,mtgo,paper",,borderless,,253265,253145,,82750,U,,U,2.0,,6939.0,2.0,Jonathan Harker,2.0,"Jacob Hauken, Inspector","nonfoil,foil",Jonathan Harker // Harker's Obsessive Inquiry,,"legendary,sunmoondfc",2015,,0,0,1,1,0,0,0,0,0,0,0,0,0,1,0,0,0,Transform,English,transform,"{'brawl': True, 'commander': True, 'oathbreaker': False}",,,{1}{U},2.0,583597,346986,79132,8e1165a6-56ec-55b4-baee-043fb5f1bade,,,544466,"Jacob Hauken, Inspector // Hauken's Insight",332,,,"{T}: Draw a card, then exile a card from your hand face down. You may look at that card for as long as it remains exiled. You may pay {4}{U}{U}. If you do, transform Jacob Hauken, Inspector.",Legendary Creature — Human Advisor,e6b11575-ba94-552a-a6ee-051294080edd,0,"DBL,PVOW,VOW","draculaseries,boosterfun","{'cardKingdom': 'https://mtgjson.com/links/54ec5a93f04cbaf1', 'cardKingdomFoil': 'https://mtgjson.com/links/3350e3f0710e06cd', 'cardmarket': 'https://mtgjson.com/links/d6cc6fde0a77b3a7', 'tcgplayer': 'https://mtgjson.com/links/00db5bc759f7ce0c'}",mythic,,c0f0004e-ee4c-4372-be5d-a5102f45210e,6021cec7-89d1-462e-83e2-a1b2e40f1abf,16d2a56a-7181-4ef3-866b-10dd8615d9e9,oval,VOW,a,,"Human,Advisor",Legendary,,253751,"{T}: Draw a card, then exile a card from your hand face down. You may look at that card for as long as it remains exiled. You may pay {4}{U}{U}. If you do, transform Jacob Hauken, Inspector.",2,Legendary Creature — Human Advisor,Creature,624bdbbd-f73e-5e13-ae98-a7d1064ecb13,"34e30c28-282b-5510-bf00-a2dbc571e5d2,98ce28b2-0189-59cd-bb09-3ce45c32b78f",
69488,69489,Slawomir Maniak,,,"arena,mtgo,paper",,borderless,,,,,82750,U,U,U,2.0,,6939.0,0.0,Harker's Obsessive Inquiry,0.0,Hauken's Insight,"nonfoil,foil",Jonathan Harker // Harker's Obsessive Inquiry,,"legendary,sunmoondfc",2015,,0,0,1,1,0,0,0,0,0,0,0,0,0,1,0,0,0,,English,transform,,,,,2.0,583597,,79132,e55ebd1f-543b-58d5-b9c1-498232aad9bc,,,544467,"Jacob Hauken, Inspector // Hauken's Insight",332,,,"At the beginning of your upkeep, exile the top card of your library face down. You may look at that card for as long as it remains exiled.
Once during each of your turns, you may play a land or cast a spell from among the cards exiled with this permanent without paying its mana cost.",Legendary Enchantment,624bdbbd-f73e-5e13-ae98-a7d1064ecb13,,"DBL,PVOW,VOW","draculaseries,boosterfun",{'tcgplayer': 'https://mtgjson.com/links/f7691f5e80470dea'},mythic,,c0f0004e-ee4c-4372-be5d-a5102f45210e,ed3e3776-d661-4f7b-b705-ec588d52cedd,16d2a56a-7181-4ef3-866b-10dd8615d9e9,oval,VOW,b,,,Legendary,,253751,"At the beginning of your upkeep, exile the top card of your library face down. You may look at that card for as long as it remains exiled.
Once during each of your turns, you may play a land or cast a spell from among the cards exiled with this permanent without paying its mana cost.",,Legendary Enchantment,Enchantment,e6b11575-ba94-552a-a6ee-051294080edd,"5133fd60-dd96-5e8e-a31b-f1222e1e499b,83638ea8-ad03-52a9-95ec-22222ad372d7",
29125,29126,Slawomir Maniak,,,"arena,mtgo,paper",,borderless,,233157,232212,,67245,W,,W,4.0,,7294.0,,,,,"nonfoil,foil","King Caesar, Ancient Guardian",,,2015,,0,0,1,1,0,0,0,0,0,0,0,0,0,1,0,0,0,Mutate,English,normal,,,,{3}{W},4.0,451878,300343,73516,c237edfe-a613-5193-964c-d22026819007,,,482370,Huntmaster Liger,370,,,"Mutate {2}{W}
Whenever this creature mutates, other creatures you control get +X/+X until end of turn, where X is the number of times this creature has mutated.",Creature — Cat,,3,"IKO,PRM","boxtopper,godzillaseries,boosterfun","{'cardKingdom': 'https://mtgjson.com/links/edfb0239a5b10be8', 'cardKingdomFoil': 'https://mtgjson.com/links/8793be1408c5ae86', 'cardmarket': 'https://mtgjson.com/links/ea7226b76917cb1b', 'tcgplayer': 'https://mtgjson.com/links/517a5ab7b97a5b88'}",uncommon,,c5f741e3-82d8-4842-8054-25e20a10dddd,de82e6cd-1ef8-4995-81e3-0d7a52c6ff7d,38f5e6bf-18a3-4ff3-9726-a25a9715a2d9,,IKO,,,Cat,,,212085,"Mutate {2}{W} (If you cast this spell for its mutate cost, put it over or under target non-Human creature you own. They mutate into the creature on top plus all abilities from under it.)
Whenever this creature mutates, other creatures you control get +X/+X until end of turn, where X is the number of times this creature has mutated.",4,Creature — Cat,Creature,9648c4a5-4e32-53d3-8332-95e8cdf2d69b,"585f1a62-cd0b-5d30-8fd5-3e74f95ea1ce,be11fd9c-0c32-5df5-a169-fee93da35ea7",
29137,29138,YW Tang,,,"arena,mtgo,paper",,borderless,,233140,232169,,67297,"B,R,W",,"B,R,W",4.0,,7008.0,,,,,"nonfoil,foil","King Caesar, Awoken Titan",,legendary,2015,,0,0,1,1,0,0,0,0,0,0,0,0,0,1,0,0,0,"Double strike,Mutate",English,normal,"{'brawl': False, 'commander': True, 'oathbreaker': False}",,,{1}{R}{W}{B},4.0,451123,300443,73527,1b2f473b-9d2b-53a3-8e9a-23aaca3aa3bf,,,482380,"Snapdax, Apex of the Hunt",381,,,"Mutate {2}{BR}{W}{W}
Double strike
Whenever this creature mutates, it deals 4 damage to target creature or planeswalker an opponent controls and you gain 4 life.",Legendary Creature — Dinosaur Cat Nightmare,,3,"IKO,PIKO,PL22,PRM","boxtopper,godzillaseries,boosterfun","{'cardKingdom': 'https://mtgjson.com/links/59822ed42bc86a15', 'cardKingdomFoil': 'https://mtgjson.com/links/7717bd3f2fbd2964', 'cardmarket': 'https://mtgjson.com/links/798f22a1c95f4b5e', 'tcgplayer': 'https://mtgjson.com/links/a8128954a62ffa1a'}",mythic,,673d14b1-e93a-4594-b2c9-792696adb991,bc51c5a4-3e74-4d6e-9ad9-06358ced7a7f,b2b78623-5a10-4ef7-b983-3d82478269c3,oval,IKO,,,"Dinosaur,Cat,Nightmare",Legendary,,212027,"Mutate {2}{B/R}{W}{W} (If you cast this spell for its mutate cost, put it over or under target non-Human creature you own. They mutate into the creature on top plus all abilities from under it.)
Double strike
Whenever this creature mutates, it deals 4 damage to target creature or planeswalker an opponent controls and you gain 4 life.",5,Legendary Creature — Dinosaur Cat Nightmare,Creature,277249ba-20b2-5f24-8439-828c86f81386,"a7c56c17-1fe6-5520-bf32-10c4573ad68d,c0f52b87-d699-5af0-9baf-54bdc823a027",
60713,60714,Greg Staples,,,paper,,black,,252214,252205,,,"R,U",,"R,U",2.0,,8662.0,,,,,"nonfoil,foil","Lucas, the Sharpshooter",,legendary,2015,,0,0,1,1,0,0,0,0,0,0,0,0,0,0,0,0,0,Goad,English,normal,"{'brawl': False, 'commander': True, 'oathbreaker': False}",,,{U}{R},2.0,,,,046f2091-0ddb-5b36-9372-2d989b2773ba,,,,"Bjorna, Nightfall Alchemist",344,,2021-10-15,,,,1,"SLD,SLX",,"{'cardKingdom': 'https://mtgjson.com/links/fef70f9cd4c650d0', 'cardKingdomFoil': 'https://mtgjson.com/links/9c8898c5f666b2c5', 'tcgplayer': 'https://mtgjson.com/links/d9b4b0b72f4199cd'}",rare,,3b09edfe-5bef-430e-853d-a6b4b612805a,fa125be8-b904-4752-8d7d-8ef4c3f645f5,c880fbdc-bdd9-4f80-81d4-e3e1124f76ca,triangle,SLD,,,Human,Legendary,,251742,"{T}, Sacrifice an artifact: Bjorna, Nightfall Alchemist deals 1 damage to target creature. Goad that creature. (Until your next turn, that creature attacks each combat if able and attacks a player other than you if able.)
Friends forever (You can have two commanders if both have friends forever.)",3,Legendary Creature — Human,Creature,aef74d80-a1d8-5e80-97ca-65be6322c3f2,,
69493,69494,Igor Kieryluk,,,"arena,mtgo,paper",,borderless,,253202,252526,,82735,B,,B,4.0,,13220.0,4.0,Lucy Westenra,4.0,Innocent Traveler,"nonfoil,foil","Lucy Westenra // Lucy, Arisen Vampire","I looked at her throat just now as she lay asleep, and the tiny wounds seem not to have healed.",sunmoondfc,2015,,0,0,1,1,0,0,0,0,0,0,0,0,0,1,0,0,0,Transform,English,transform,,,,{2}{B}{B},4.0,581919,346670,79138,6645d342-ec36-59ca-b3eb-37cd3c4935e7,,,544472,Innocent Traveler // Malicious Invader,336,,,"At the beginning of your upkeep, any opponent may sacrifice a creature. If no one does, transform Innocent Traveler.",Creature — Human,35444858-85c9-5242-b62a-aa57f8501e99,1,"DBL,VOW","draculaseries,boosterfun","{'cardKingdom': 'https://mtgjson.com/links/1d5eede02f55221b', 'cardKingdomFoil': 'https://mtgjson.com/links/79961374cb797513', 'cardmarket': 'https://mtgjson.com/links/eac582726b4ce4f5', 'tcgplayer': 'https://mtgjson.com/links/bb550956a5054bc2'}",uncommon,,7a043975-59b4-490c-bf33-c08bd7b40bd3,efc3cfa6-88cd-41fb-a7c9-97b75b1be582,7950a7ff-7c2e-40fe-b64a-324f4fbcf528,,VOW,a,,Human,,,253194,"At the beginning of your upkeep, any opponent may sacrifice a creature. If no one does, transform Innocent Traveler.",3,Creature — Human,Creature,8e6cbd54-3006-5363-bf36-c5e63420d5e0,"604145b4-defd-5570-acd1-0c61a8c839a2,97651114-3e16-5eea-ad20-5161f20eaedf",
69494,69495,Igor Kieryluk,,,"arena,mtgo,paper",,borderless,,,,,82735,B,B,B,4.0,,13220.0,0.0,"Lucy, Arisen Vampire",0.0,Malicious Invader,"nonfoil,foil","Lucy Westenra // Lucy, Arisen Vampire",Van Helsing raised his lantern and drew the slide; by the concentrated light that fell on Lucy's face we could see that the lips were crimson with fresh blood.,sunmoondfc,2015,,0,0,1,1,0,0,0,0,0,0,0,0,0,1,0,0,0,Flying,English,transform,,,,,4.0,581919,,79138,94ebb1d6-bc24-582e-ab62-23fce862f194,,,544473,Innocent Traveler // Malicious Invader,336,,,"Flying
Malicious Invader gets +2/+0 as long as an opponent controls a Human.",Creature — Vampire,8e6cbd54-3006-5363-bf36-c5e63420d5e0,3,"DBL,VOW","draculaseries,boosterfun",{'tcgplayer': 'https://mtgjson.com/links/54ed7752d3444a9e'},uncommon,,7a043975-59b4-490c-bf33-c08bd7b40bd3,cbd4e071-ec86-4dbf-9864-d118af4f7d6f,7950a7ff-7c2e-40fe-b64a-324f4fbcf528,,VOW,b,,Vampire,,,253194,"Flying
Malicious Invader gets +2/+0 as long as an opponent controls a Human.",3,Creature — Vampire,Creature,35444858-85c9-5242-b62a-aa57f8501e99,"6f1a9d11-690a-5328-9115-d14a8006e42f,80dbd4ff-833c-547b-8c0a-21019a750923",
60714,60715,Greg Staples,,,paper,,black,,252213,252206,,,"G,R",,"G,R",3.0,,9961.0,,,,,"nonfoil,foil","Max, the Daredevil",,legendary,2015,,0,0,1,1,0,0,0,0,0,0,0,0,0,0,0,0,0,"Haste,Investigate",English,normal,"{'brawl': False, 'commander': True, 'oathbreaker': False}",,,{1}{R}{G},3.0,,,,24127e95-59bc-5dba-88f7-8eedfe992334,,,,"Elmar, Ulvenwald Informant",345,,2021-10-15,,,,3,"SLD,SLX",,"{'cardKingdom': 'https://mtgjson.com/links/b4d60b686bac05b9', 'cardKingdomFoil': 'https://mtgjson.com/links/7c5584b5a1ae4db0', 'tcgplayer': 'https://mtgjson.com/links/d0d9631f1f5048c5'}",rare,,abb04ab1-2a74-432f-b3d3-d4f5b2534066,4bd1123c-2de6-4551-8d43-5849c0d171dd,5a35201d-e9b1-433a-bb70-3280ceedbcd6,triangle,SLD,,,Human,Legendary,,251743,"Haste
Whenever you cast your second spell each turn, untap target creature, then investigate. (Create a colorless Clue artifact token with ""{2}, Sacrifice this artifact: Draw a card."")
Friends forever (You can have two commanders if both have friends forever.)",2,Legendary Creature — Human,Creature,a72058aa-a7f3-56db-9397-41f0a8c0742a,,
49617,49618,Nicholas Gregory,,,paper,,borderless,,233801,,,69881,,,,0.0,,1470.0,,,,,foil,"Mechagodzilla, Battle Fortress",,,2015,,0,0,1,0,0,0,0,0,0,1,0,1,0,1,0,0,0,,English,normal,,,,{X}{X},0.0,464734,,,136077b9-1742-56a3-8d98-3b38cb7a3e94,,,,Hangarback Walker,2,,,,,,0,"EA1,MPS,ORI,PLG20",godzillaseries,"{'cardKingdomFoil': 'https://mtgjson.com/links/e56ae4b3355ce227', 'tcgplayer': 'https://mtgjson.com/links/8c43ff30e0ac0e56'}",rare,,773916fd-060e-4abc-a060-e18768807571,25ef9467-544c-4fd5-95e0-621bef7eeb97,dde55256-5259-44e7-a267-fca45a7f0d04,oval,PLG20,,,Construct,,,215335,"Hangarback Walker enters the battlefield with X +1/+1 counters on it.
When Hangarback Walker dies, create a 1/1 colorless Thopter artifact creature token with flying for each +1/+1 counter on Hangarback Walker.
{1}, {T}: Put a +1/+1 counter on Hangarback Walker.",0,Artifact Creature — Construct,"Artifact,Creature",eaf748e5-ed61-504f-8799-bd52eb3ea9cd,,
29143,29144,Kotakan,,,"arena,mtgo,paper",,borderless,,233169,232248,,67318,,,,3.0,,3943.0,,,,,"nonfoil,foil","Mechagodzilla, the Weapon",,,2015,,0,0,1,1,0,0,0,0,0,0,0,0,0,1,0,0,0,,Japanese,normal,,,,{3},3.0,451863,300628,73651,66a3da2f-9618-56a4-8815-99e08e101e61,,,,Crystalline Giant,387,,,,,,3,"IKO,NCC,PIKO,PRM","godzillaseries,boosterfun","{'cardKingdom': 'https://mtgjson.com/links/2feda13abd750197', 'cardKingdomFoil': 'https://mtgjson.com/links/c8b065112f6c96e7', 'cardmarket': 'https://mtgjson.com/links/4b28e69f876e38e3', 'tcgplayer': 'https://mtgjson.com/links/8ee0a6868ad3f305'}",rare,,b0c2de2f-bb56-4713-861a-34523b331e26,4548a608-b620-4440-8c93-7de467539ac2,49a46cfa-f2e9-4718-a6cb-47dbb0792b56,oval,IKO,,,Giant,,,212070,"At the beginning of combat on your turn, choose a kind of counter at random that Crystalline Giant doesn't have on it from among flying, first strike, deathtouch, hexproof, lifelink, menace, reach, trample, vigilance, and +1/+1. Put a counter of that kind on Crystalline Giant.",3,Artifact Creature — Giant,"Artifact,Creature",f192bfef-50ef-535f-818e-b8a57f93a498,"f81c079e-64da-596c-9777-fdd7c06c3010,3ba9d8e5-055d-5fc5-b1ec-6d2a5637819e",
60715,60716,Colin Boyer,,,paper,,black,,252218,252204,,,"G,W",,"G,W",3.0,,10846.0,,,,,"nonfoil,foil","Mike, the Dungeon Master","""A friend is someone you'd do anything for.""","legendary,inverted",2015,,0,0,1,1,0,0,0,0,0,0,0,0,0,0,0,0,0,,English,normal,"{'brawl': False, 'commander': True, 'oathbreaker': False}",,,{1}{G}{W},3.0,,,,cd7c922d-8bfa-52a6-b9c3-45f28ed43961,,,,"Othelm, Sigardian Outcast",346,,2021-10-15,,,,2,"SLD,SLX",,"{'cardKingdom': 'https://mtgjson.com/links/7cca4640796f91d8', 'cardKingdomFoil': 'https://mtgjson.com/links/9a02deba385ee876', 'tcgplayer': 'https://mtgjson.com/links/c1cc74de7a9a96e0'}",rare,,142edc65-232b-492e-805a-6905f13e9e6d,dc8afa63-2839-45d7-8e35-3ba18ae72e19,4ee401bf-dc86-41a9-84f9-57aa0a314d08,triangle,SLD,,,Human,Legendary,,251745,"{2}, {T}: Choose target creature card in your graveyard that was put there from the battlefield this turn. Return it to the battlefield tapped.
Friends forever (You can have two commanders if both have friends forever.)",2,Legendary Creature — Human,Creature,08d9e716-2384-5fb9-8122-0d42ad869bd8,,
69486,69487,Magali Villeneuve,,,"arena,mtgo,paper",,borderless,,253163,252412,,82728,W,,W,2.0,,1007.0,,,,,"nonfoil,foil",Mina Harker,"""Our dear Madam Mina is once more our teacher. Her eyes have been where we were blinded. Now we are on the track once again, and this time we may succeed.""",legendary,2015,,0,0,1,1,0,0,0,0,0,0,0,1,0,1,0,0,0,First strike,English,normal,"{'brawl': True, 'commander': True, 'oathbreaker': False}",,,{1}{W},2.0,581361,204745,79131,4296cc90-ea68-55bb-b9f5-c350e7331ec2,,,544465,"Thalia, Guardian of Thraben",331,,,"First strike
Noncreature spells cost {1} more to cast.",Legendary Creature — Human Soldier,,2,"A25,DBL,DKA,HA2,PRM,PVOW,SLD,VOW,WMC","draculaseries,boosterfun","{'cardKingdom': 'https://mtgjson.com/links/c7fc5326ee5a4598', 'cardKingdomFoil': 'https://mtgjson.com/links/9ededd152025eb95', 'cardmarket': 'https://mtgjson.com/links/9ba29cc6f67f2473', 'tcgplayer': 'https://mtgjson.com/links/71bc09fa35f4ad74'}",rare,,1830002a-b512-4e51-b3fa-0137d2b4c749,4abd3107-8695-4bbc-9c0b-10beeab1fdae,9b7f1d05-707c-4ed3-9f0e-8ced1232c2ee,oval,VOW,,,"Human,Soldier",Legendary,,253202,"First strike
Noncreature spells cost {1} more to cast.",1,Legendary Creature — Human Soldier,Creature,5d36fe9d-6ce1-5d7c-8f15-c0d3968ee4cf,"f9925a8a-584e-511d-b4bf-393028652722,28a78ede-a937-57c9-98be-e604b6686f8c",
60709,60710,Isis,,,paper,,black,,252211,252208,,,B,,B,7.0,,4113.0,,,,,"nonfoil,foil","Mind Flayer, the Shadow",,legendary,2015,,0,0,1,1,0,0,0,0,0,0,0,0,0,0,0,0,0,,English,normal,"{'brawl': False, 'commander': True, 'oathbreaker': False}",,,{4}{B}{B}{B},7.0,,,,9989f66f-9e95-5afc-b13d-2dfa634db86a,,,,"Arvinox, the Mind Flail",340,,2021-10-15,,,,9,"SLD,SLX",,"{'cardKingdom': 'https://mtgjson.com/links/e51137d2d8db1683', 'cardKingdomFoil': 'https://mtgjson.com/links/58f462b87d6a0861', 'tcgplayer': 'https://mtgjson.com/links/fbb99ff69ac68584'}",mythic,,0fbaa2f0-9ad0-4ce2-8ce6-359d01bd524c,078760cf-7ea0-4ef6-85b9-139c79c33480,9abecd23-a2d9-43c7-8d01-f8afdc53026e,triangle,SLD,,,Horror,Legendary,,251735,"Arvinox, the Mind Flail isn't a creature unless you control three or more permanents you don't own.
At the beginning of your end step, exile the bottom card of each opponent's library face down. For as long as those cards remain exiled, you may look at them, you may cast permanent spells from among them, and you may spend mana as though it were mana of any color to cast those spells.",9,Legendary Enchantment Creature — Horror,"Enchantment,Creature",d465de12-cc8b-58a8-aa5f-3b9d2b13adca,,
29141,29142,ヨロイコウジ,,,"arena,mtgo,paper",,borderless,,233167,232246,,67317,,,,1.0,,6478.0,,,,,"nonfoil,foil",Mothra's Great Cocoon,,,2015,,0,0,1,1,0,0,0,0,0,0,0,0,0,1,0,0,0,,Japanese,normal,,,,{1},1.0,451848,300623,73649,f21b5786-bc97-5276-a8ad-d0c5c8765bb2,,,,Mysterious Egg,385,,,,,,0,"IKO,PRM","godzillaseries,boosterfun","{'cardKingdom': 'https://mtgjson.com/links/844d8287e88ce078', 'cardKingdomFoil': 'https://mtgjson.com/links/1b3e4c9ce5d5145d', 'cardmarket': 'https://mtgjson.com/links/2d95ea15a80a3328', 'tcgplayer': 'https://mtgjson.com/links/2abd1b1a7ffa9c4d'}",common,,f333b41d-e42c-4b12-be08-742eefb4e401,c1c1af68-408a-4786-ac39-d23f613d5b23,d3b62851-6013-49e5-8808-fa61b1bdfe98,,IKO,,,Egg,,,212065,"Whenever this creature mutates, put a +1/+1 counter on it.",2,Creature — Egg,Creature,5df3565b-ab85-5cc7-83c4-9cd3bb5674da,d71d5711-8598-5e61-96a9-72e0c53a9b6a,
29126,29127,Nick Southam,,,"arena,mtgo,paper",,borderless,,233137,232166,,67247,W,,W,4.0,,1343.0,,,,,"nonfoil,foil","Mothra, Supersonic Queen",,,2015,,0,0,1,1,0,0,0,0,0,0,0,0,0,1,0,0,0,Flying,English,normal,,,,{2}{W}{W},4.0,451033,300413,73517,ddf2f86e-0319-51ac-bd6e-07f04f8446d3,,,482371,Luminous Broodmoth,371,,,"Flying
Whenever a creature you control without flying dies, return it to the battlefield under its owner's control with a flying counter on it.",Creature — Insect,,3,"IKO,PIKO,PRM","boxtopper,godzillaseries,boosterfun","{'cardKingdom': 'https://mtgjson.com/links/f37df09a3935a511', 'cardKingdomFoil': 'https://mtgjson.com/links/9e3010da0f117284', 'cardmarket': 'https://mtgjson.com/links/1eb051097174eb94', 'tcgplayer': 'https://mtgjson.com/links/3b8061a2906e93d2'}",mythic,,4d393cc4-0e6b-44fe-a74a-822c52678ec9,0b0c7802-df60-4870-9a0e-024506f38afc,28c7c816-07e7-42fb-923c-bf149ba28b38,oval,IKO,,,Insect,,,212007,"Flying
Whenever a creature you control without flying dies, return it to the battlefield under its owner's control with a flying counter on it.",4,Creature — Insect,Creature,60a33c1a-8430-5be7-802f-e2ab5dd563f8,"39ebc226-262a-58fa-a44a-8db82796b6ef,91cff9f4-41ec-5359-8723-dd2e6ba6efc4",
69498,69499,Dave Kendall,,,"arena,mtgo,paper",,borderless,,253190,252474,,82732,R,,R,3.0,,6899.0,,,,,"nonfoil,foil",Mysterious Blood Illness,"She was ghastly, chalkily pale; the red seemed to have gone even from her lips and gums, and the bones of her face stood out prominently; her breathing was painful to see or hear.",,2015,,0,0,1,1,0,0,0,0,0,0,0,0,0,1,0,0,0,,English,normal,,,,{2}{R},3.0,581393,346618,79143,0c22efbf-ca6d-513a-bc60-1c7ec0fdb827,,,544477,Vampires' Vengeance,339,,,Vampires' Vengeance deals 2 damage to each non-Vampire creature. Create a Blood token.,Instant,,,"DBL,VOW","draculaseries,boosterfun","{'cardKingdom': 'https://mtgjson.com/links/5a7f313cddaf27b6', 'cardKingdomFoil': 'https://mtgjson.com/links/644dcb812fe4db31', 'cardmarket': 'https://mtgjson.com/links/d5d6c01716a7f624', 'tcgplayer': 'https://mtgjson.com/links/5c22841cc1382899'}",uncommon,,9f4ba693-0323-415d-ad91-c083fbbab7f7,0fbfd36b-d86b-444a-9ee0-c610f4b35f9b,3a82e724-28f6-430f-a474-ab4276197963,,VOW,,,,,,253016,"Vampires' Vengeance deals 2 damage to each non-Vampire creature. Create a Blood token. (It's an artifact with ""{1}, {T}, Discard a card, Sacrifice this artifact: Draw a card."")",,Instant,Instant,572b89e6-31e5-516b-ad8a-3a43416daa1a,d2a50c74-2e25-5dd4-a046-ac3cf959d6ca,
60585,60586,Tomas Duchek,,,paper,,borderless,,255024,255021,,,B,,B,2.0,,288.0,,,,,"nonfoil,foil",Nightfeeder's Visitation,"The air seems full of specks, floating and circling in the draught from the window, and the lights burn blue and dim. What am I to do? God shield me from harm this night!",,2015,,0,0,1,1,0,0,0,0,0,0,0,1,0,0,0,0,0,,English,normal,,,,{1}{B},2.0,,,,92bf4edf-46f6-586a-b551-0fb408283c18,,,,Night's Whisper,207,,2021-11-29,,,,,"5DN,DDM,DMC,EMA,MB1,SLD,VOC",,"{'cardKingdom': 'https://mtgjson.com/links/38553199dd3ace89', 'cardKingdomFoil': 'https://mtgjson.com/links/c4bc22ea8c7cc40f', 'tcgplayer': 'https://mtgjson.com/links/ce3e5ca83bea7ecf'}",rare,,f415a76e-6b35-442e-a2e1-9e368f550566,3ea14781-5eb8-49e8-b254-bc53ec6ec966,7ffae8f8-3006-4969-a339-6d30678f87ea,oval,SLD,,,,,,259259,You draw two cards and you lose 2 life.,,Sorcery,Sorcery,2fcf8f72-6010-57ab-a620-21b358e34dc6,,
47546,47547,Chase Stone,,,paper,,borderless,,,,,,"B,U,W",,"B,U,W",4.0,,2160.0,,,,,foil,Post the Enchanter,"""Now they always say 'Congratulations'""",legendary,2015,,0,0,1,0,0,0,0,0,0,0,0,1,0,1,0,0,0,Flying,English,normal,"{'brawl': False, 'commander': True, 'oathbreaker': False}",,,{1}{W}{U}{B},4.0,,,,7aec3457-9e5e-5fd1-93bd-bfbe768eb232,,,,Zur the Enchanter,8,,2022-08-16,,,,1,"2X2,CMR,CSP,J16,MM3,OCM1,PCEL,PRM",event,,rare,,050e8f17-7b51-40a4-b76c-2f3b1eb4b389,88c8ba4b-7b08-4c18-91e9-68b8cd011716,d7950018-d744-48a8-81aa-0d8384703f48,oval,PCEL,,,"Human,Wizard",Legendary,,,"Flying
Whenever Zur the Enchanter attacks, you may search your library for an enchantment card with mana value 3 or less, put it onto the battlefield, then shuffle.",4,Legendary Creature — Human Wizard,Creature,e857deed-ba35-53e7-9169-e57a5bbb22d6,,
69499,69500,Tomasz Jedruszek,,,"arena,mtgo,paper",,borderless,,253241,252649,,82742,G,,G,2.0,,7547.0,,,,,"nonfoil,foil",Quincey Harker,We want no proofs; we ask none to believe us! This boy will some day know what a brave and gallant woman his mother is.,,2015,,0,0,1,1,0,0,0,0,0,0,0,0,0,1,0,0,0,,English,normal,,,,{1}{G},2.0,582480,346790,79144,d78fd461-64aa-58e5-99d7-33ac0dfb79f4,,,544478,Reclusive Taxidermist,340,,,"Reclusive Taxidermist gets +3/+2 as long as there are four or more creature cards in your graveyard.
{T}: Add one mana of any color.",Creature — Human Druid,,1,"DBL,VOW","draculaseries,boosterfun","{'cardKingdom': 'https://mtgjson.com/links/ea8b0824fb18fb32', 'cardKingdomFoil': 'https://mtgjson.com/links/216023e9a895b359', 'cardmarket': 'https://mtgjson.com/links/3f92fbbce609cb14', 'tcgplayer': 'https://mtgjson.com/links/f87ad4dbb29e08ff'}",uncommon,,626eacad-6ea5-410a-9a3f-af97b5e52ff0,40b56f2e-0c66-4d7a-af67-537399f2546f,7a0168c5-e258-4c50-96aa-95deb2198e6f,,VOW,,,"Human,Druid",,,253496,"Reclusive Taxidermist gets +3/+2 as long as there are four or more creature cards in your graveyard.
{T}: Add one mana of any color.",2,Creature — Human Druid,Creature,a0c430bc-2fc8-56d3-b0d5-68bed8692cef,dfe75531-ab21-5b00-9723-b52ff7cbfc1a,
69502,69503,Dave Kendall,,,"arena,mtgo,paper",,borderless,,253247,252680,,82747,"R,U",,"R,U",3.0,,8160.0,,,,,"nonfoil,foil","Renfield, Delusional Minion","""The blood is the life! The blood is the life!""",legendary,2015,,0,0,1,1,0,0,0,0,0,0,0,0,0,1,0,0,0,,English,normal,"{'brawl': True, 'commander': True, 'oathbreaker': False}",,,{1}{U}{R},3.0,583238,346800,79147,4e35d6b2-b42e-524b-85ea-79f700610d5f,,,544481,"Eruth, Tormented Prophet",342,,,"If you would draw a card, exile the top two cards of your library instead. You may play those cards this turn.",Legendary Creature — Human Wizard,,2,"DBL,PVOW,VOW","draculaseries,boosterfun","{'cardKingdom': 'https://mtgjson.com/links/20e029f19220020e', 'cardKingdomFoil': 'https://mtgjson.com/links/de824a053505ea84', 'cardmarket': 'https://mtgjson.com/links/4396ef2ac6f91fed', 'tcgplayer': 'https://mtgjson.com/links/ee3ad6a8f0381f21'}",rare,,5ecbb622-f33b-4192-9b42-8872b35cc409,40c43c42-b4b4-46f5-a76f-483647747c4b,a0380b63-58ef-4545-beec-6ad307bbc21b,oval,VOW,,,"Human,Wizard",Legendary,,253667,"If you would draw a card, exile the top two cards of your library instead. You may play those cards this turn.",4,Legendary Creature — Human Wizard,Creature,17c01956-5f85-550e-ade9-e5400b63133d,"5ccc35ed-ca34-5ef2-8c2c-ccbb167701a6,e980d553-1710-5482-a6e3-409ed546de24",
29139,29140,Johann Bodin,,,"arena,mtgo,paper",,borderless,,233141,232170,,67396,"R,U,W",,"R,U,W",3.0,,6062.0,,,,,"nonfoil,foil","Rodan, Titan of Winged Fury",,legendary,2015,,0,0,1,1,0,0,0,0,0,0,0,0,0,1,0,0,0,"First strike,Flying,Mutate",English,normal,"{'brawl': False, 'commander': True, 'oathbreaker': False}",,,{U}{R}{W},3.0,451058,300423,73529,8cf6a50e-26fb-5d81-acfd-7dbbe7578ae5,,,482382,"Vadrok, Apex of Thunder",383,,,"Mutate {1}{WU}{R}{R}
Flying, first strike
Whenever this creature mutates, you may cast target noncreature card with converted mana cost 3 or less from your graveyard without paying its mana cost.",Legendary Creature — Elemental Dinosaur Cat,,3,"IKO,PIKO,PRM","boxtopper,godzillaseries,boosterfun","{'cardKingdom': 'https://mtgjson.com/links/5c5db2ab84bd85fb', 'cardKingdomFoil': 'https://mtgjson.com/links/34b66aca392721e1', 'cardmarket': 'https://mtgjson.com/links/52d11eed9a9eabff', 'tcgplayer': 'https://mtgjson.com/links/cca7760087ef9d0f'}",mythic,,d3346674-43cf-4006-b829-bf824560f413,b8ec7bd5-3635-4795-84ad-d6ac3edb5b67,775c41fa-2316-43c9-af34-ac9c9b0db7e2,oval,IKO,,,"Elemental,Dinosaur,Cat",Legendary,,212014,"Mutate {1}{W/U}{R}{R} (If you cast this spell for its mutate cost, put it over or under target non-Human creature you own. They mutate into the creature on top plus all abilities from under it.)
Flying, first strike
Whenever this creature mutates, you may cast target noncreature card with mana value 3 or less from your graveyard without paying its mana cost.",3,Legendary Creature — Elemental Dinosaur Cat,Creature,fe1607a2-4ffe-566c-a75f-dcbb6fa17b38,"f07d63b4-4708-56d6-930d-abae98a2d071,517e63e2-22dd-5747-9d10-608850ce3c30",
60847,60848,Riot Games,,,paper,,black,,255427,255426,,,R,,R,4.0,,1335.0,,,,,"nonfoil,foil",Round Two,"""I wish I could say it gets easier, kiddo, but I'd be lying.""
—Vander",,2015,,0,0,1,1,0,0,0,0,0,0,0,1,0,0,0,0,0,Flashback,English,normal,,,,{3}{R},4.0,,,,66d82872-7c76-5e1e-9cfe-c2fee98bda0c,,,,Seize the Day,480,,2021-11-29,,,,,"ODY,PHED,SLD,UMA",,"{'cardKingdom': 'https://mtgjson.com/links/7410de0e8c11cdfe', 'cardKingdomFoil': 'https://mtgjson.com/links/9d61838e03192c71', 'tcgplayer': 'https://mtgjson.com/links/28928a0fe78594c6'}",rare,,20006931-eaef-4a86-8082-cf487156ef71,4250ff03-c64f-4dcf-a4fa-e8baa6799373,2a6abd59-e448-46f1-9af8-bb9040645971,triangle,SLD,,,,,,259287,"Untap target creature. After this main phase, there is an additional combat phase followed by an additional main phase.
Flashback {2}{R} (You may cast this card from your graveyard for its flashback cost. Then exile it.)",,Sorcery,Sorcery,1ecdcf0d-0a2f-5cf6-b4fc-08ca628814d4,,
69489,69490,Dan Scott,,,"arena,mtgo,paper",,borderless,,253243,252659,,82746,U,,U,3.0,,2837.0,,,,,"nonfoil,foil",Search the Count's Castle,"I knew he had left the castle now, and thought to use the opportunity to explore more than I had dared to do as yet.",,2015,,0,0,1,1,0,0,0,0,0,0,0,0,0,1,0,0,0,,English,normal,,,,{2}{U},3.0,582695,346737,79134,f671f441-166d-5424-86cd-f586ce732a29,,,544468,Thirst for Discovery,333,,,Draw three cards. Then discard two cards unless you discard a basic land card.,Instant,,,"DBL,VOW","draculaseries,boosterfun","{'cardKingdom': 'https://mtgjson.com/links/613da79a76690763', 'cardKingdomFoil': 'https://mtgjson.com/links/624d644b487c84b2', 'cardmarket': 'https://mtgjson.com/links/2a26cc3bdb81cc56', 'tcgplayer': 'https://mtgjson.com/links/3c28392a394a7199'}",uncommon,,b1ed095e-6b77-4262-a2fa-d04dde96f9e4,698a535d-102f-492b-90bd-d4d50fc82520,1e05e6ef-14af-451d-9d54-e75b1f8871ab,,VOW,,,,,,253519,Draw three cards. Then discard two cards unless you discard a basic land card.,,Instant,Instant,54a94fc6-7197-5f1f-8fec-62e11d441c49,1a7c0af7-5017-5e54-8fb3-3a51b67eda15,
60812,60813,Kevin Gnutzmans,,,paper,,borderless,,,,,,W,,W,4.0,,287.0,,,,,"nonfoil,foil",Shrinking Storm,Watch the skies.,,2015,,0,0,1,1,0,0,0,0,0,0,0,1,0,0,0,0,0,,English,normal,,,,{2}{W}{W},4.0,,,,743fb1d0-4ed5-540f-9941-e797cf849af7,,,,Wrath of God,441,,2022-07-07,,,,,"10E,2ED,2XM,30A,3ED,4BB,4ED,5ED,6ED,7ED,8ED,9ED,AKR,BRB,C13,CED,CEI,EMA,FBB,LEA,LEB,MP2,P07,PLIST,POR,PRM,PTC,PZ1,SLD,SUM,V14,WC00,WC03,WC04",,{'tcgplayer': 'https://mtgjson.com/links/2a1d0600e1bfe67d'},rare,,0adf3831-93d9-4995-b8c8-0d8c03fee872,3690d35f-9222-4f82-8196-04534f16bb88,34515b16-c9a4-4f98-8c77-416a7a523407,triangle,SLD,,,,,,279355,Destroy all creatures. They can't be regenerated.,,Sorcery,Sorcery,980d6920-aba8-54a9-9176-08a99b12009c,4472fc52-ef97-5691-9a96-348c28a0c8cc,
69503,69504,Bastien L. Deharme,,,"arena,mtgo,paper",,borderless,,253166,252416,,82719,"B,R",,"B,R",6.0,,2882.0,,,,,"nonfoil,foil",Sisters of the Undead,,legendary,2015,,0,0,1,1,0,0,0,0,0,0,0,0,0,1,0,0,0,"Flying,Haste",English,normal,"{'brawl': True, 'commander': True, 'oathbreaker': False}",,,{4}{B}{R},6.0,581330,346583,79148,6261b287-da8a-5f92-85c2-f199b2039dd4,,,544482,"Olivia, Crimson Bride",343,,,"Flying, haste
Whenever Olivia, Crimson Bride attacks, return target creature card from your graveyard to the battlefield tapped and attacking. It gains ""When you don't control a legendary Vampire, exile this creature.""",Legendary Creature — Vampire Noble,,3,"DBL,PVOW,VOW","draculaseries,boosterfun","{'cardKingdom': 'https://mtgjson.com/links/fe88254389405dc3', 'cardKingdomFoil': 'https://mtgjson.com/links/77afc363c1c95eda', 'cardmarket': 'https://mtgjson.com/links/3fc5e3ba417ff104', 'tcgplayer': 'https://mtgjson.com/links/2a8766f9c5e8bf60'}",mythic,,0d5552d3-6860-42e5-8a13-1d36dce77322,8548c399-11a7-4a45-b55e-8b9d2ad40f17,8922a91e-3d15-4351-8d77-e0d6bc4de82e,oval,VOW,,,"Vampire,Noble",Legendary,,253204,"Flying, haste
Whenever Olivia, Crimson Bride attacks, return target creature card from your graveyard to the battlefield tapped and attacking. It gains ""When you don't control a legendary Vampire, exile this creature.""",4,Legendary Creature — Vampire Noble,Creature,d9d355f6-a4b8-5189-9d2a-6a074bf216cc,"91153fb8-a021-5b44-b41b-4362b9af9290,aa33985d-3379-50ec-b905-116aaeaa91f3",
29128,29129,Zezhou Chen,,,"arena,mtgo,paper",,borderless,,,,,,B,,B,8.0,,4707.0,,,,,"nonfoil,foil","Spacegodzilla, Death Corona",,,2015,,0,0,1,1,0,0,0,0,0,0,0,0,0,1,0,0,0,"Cycling,Deathtouch",English,normal,,,,{6}{B}{B},8.0,451063,300408,73519,c8bfc442-9bce-566c-9707-292fb4169e4d,,,,Void Beckoner,373,,,,,,8,"IKO,PRM","boxtopper,godzillaseries,boosterfun","{'cardmarket': 'https://mtgjson.com/links/d72dc8f4d95a53f5', 'tcgplayer': 'https://mtgjson.com/links/b8f503139532c980'}",uncommon,,1ca7065e-88c1-44bb-ac68-e6e1df9e0726,7325f854-e119-439d-9c00-9eb76c502c44,7185e345-d8a1-4dd3-a071-f90f265634b4,,IKO,,,"Nightmare,Horror",,,212022,"Deathtouch
Cycling {2}{B} ({2}{B}, Discard this card: Draw a card.)
When you cycle Void Beckoner, put a deathtouch counter on target creature you control.",8,Creature — Nightmare Horror,Creature,5b62d7ac-440b-58f9-8086-a002d074cfd0,"e2fb0a41-862d-5872-b87b-26ce48a48964,15c513ba-f3be-56b0-b991-bbde1ecf5b01",
29129,29130,Zezhou Chen,,,"arena,mtgo,paper",,borderless,,233144,232176,,67254,B,,B,8.0,,4707.0,,,,,"nonfoil,foil","Spacegodzilla, Void Invader",,,2015,,0,0,1,1,0,0,0,0,0,0,0,0,0,1,0,0,0,"Cycling,Deathtouch",English,normal,,,,{6}{B}{B},8.0,451063,300408,,977d943c-8388-512b-9712-29fa7824713d,,,,Void Beckoner,373A,,,,,,8,"IKO,PRM","godzillaseries,boosterfun","{'cardKingdom': 'https://mtgjson.com/links/e0ac615fc646b2b4', 'cardKingdomFoil': 'https://mtgjson.com/links/9535e60a2244dec9', 'cardmarket': 'https://mtgjson.com/links/715a7894536da002', 'tcgplayer': 'https://mtgjson.com/links/7a82fdeda71d3ada'}",uncommon,,29ae88c2-1f9b-4515-9f2e-78e1dc5468b1,7325f854-e119-439d-9c00-9eb76c502c44,7185e345-d8a1-4dd3-a071-f90f265634b4,,IKO,,,"Nightmare,Horror",,,212022,"Deathtouch
Cycling {2}{B} ({2}{B}, Discard this card: Draw a card.)
When you cycle Void Beckoner, put a deathtouch counter on target creature you control.",8,Creature — Nightmare Horror,Creature,15c513ba-f3be-56b0-b991-bbde1ecf5b01,"e2fb0a41-862d-5872-b87b-26ce48a48964,5b62d7ac-440b-58f9-8086-a002d074cfd0",
61010,61011,Riot Games,,,paper,,black,,262229,260714,,,,,,0.0,,2.0,,,,,"nonfoil,foil",Summoner's Rift,"There is a place apart from this world, a rift where pretense falls away and champions find their glory.",,2015,,0,0,1,1,0,0,0,0,0,0,0,1,0,0,0,0,0,,English,normal,,,,,0.0,,,,6da9c6fa-8ac5-5c9e-9a3e-94a717ee402c,,,,Command Tower,697,,2021-11-29,,,,,"40K,AFC,ANB,BRC,C13,C15,C16,C17,C18,C19,C20,C21,CC1,CC2,CLB,CM1,CM2,CMA,CMD,CMR,DMC,ELD,J12,KHC,MIC,NCC,NEC,PHED,PRM,PZ1,SLD,VOC,ZNC",,"{'cardKingdom': 'https://mtgjson.com/links/47dc2b4dce54560e', 'cardKingdomFoil': 'https://mtgjson.com/links/624a7c66ae225421', 'tcgplayer': 'https://mtgjson.com/links/0ff9e9dab4fcb466'}",rare,,0e863861-eb0d-4f86-9770-bd32b8227d07,660c8dea-1c6b-4272-8fa2-38581dfa8bab,0895c9b7-ae7d-4bb3-af17-3b75deb50a25,triangle,SLD,,,,,,257777,{T}: Add one mana of any color in your commander's color identity.,,Land,Land,a45a4e2c-1437-51dd-837a-5e62520c3e2d,b15e263f-6952-5472-9a60-1a4e006e9c2e,
60814,60815,Rudy Siswanto,,,paper,,borderless,,,,,,U,,U,2.0,,590.0,,,,,"nonfoil,foil",Supply Llama,"Don't worry, they want you to smash them.",inverted,2015,,0,0,1,1,0,0,0,0,0,0,0,1,0,0,0,0,0,,English,normal,,,,{1}{U},2.0,,,,ce46be73-225f-57f8-80e3-37cf5fc52dbf,,,,Etherium Sculptor,443,,2022-07-07,,,,1,"ALA,C16,C18,DDU,MMA,NEC,PS11,SLD",,{'tcgplayer': 'https://mtgjson.com/links/58ecd9728d8e8fca'},rare,,e7f9bbf2-aa52-4daf-937e-29aef8810d35,423282f0-7d16-4a8c-91c4-de8aff0f0499,96b87445-6362-4a17-91b2-cbf203fd03fd,triangle,SLD,,,"Vedalken,Artificer",,,279356,Artifact spells you cast cost {1} less to cast.,2,Artifact Creature — Vedalken Artificer,"Artifact,Creature",3c0841f8-d88f-5db1-9930-c49994fad202,,
60818,60819,Alexandre Leoni,,,paper,,borderless,,,,,,,,,6.0,,2613.0,,,,,"nonfoil,foil",The Cube,Its power levels are off the charts.,"legendary,inverted",2015,,0,0,1,1,0,0,0,0,0,0,0,1,0,0,0,0,0,,English,normal,,,,{6},6.0,,,,b34d7773-7f5e-592b-8609-24281d9dc4ae,,,,Planar Bridge,447,,2022-07-07,,,,,"2X2,AER,KLR,MPS,PAER,SLD",,{'tcgplayer': 'https://mtgjson.com/links/bcba195cabfda021'},mythic,,593cbbd0-6ec3-4506-be0c-a229f070ce6d,effca9d4-ded2-49ae-8cae-982cb7ed1edf,853c6cc0-ed2b-4d65-add1-2449ade8cf68,triangle,SLD,,,,Legendary,,279353,"{8}, {T}: Search your library for a permanent card, put it onto the battlefield, then shuffle.",,Legendary Artifact,Artifact,1c1ce283-686e-5ad0-9302-d985b02173f7,,
60850,60851,Riot Games,,,paper,,black,,254866,254865,,,,,,4.0,,207.0,,,,,"nonfoil,foil",The Hexcore,The power of the Arcane too often finds itself in the hands of those foolish enough to think themselves its master.,,2015,,0,0,1,1,0,0,0,0,0,0,0,1,0,0,0,0,0,,English,normal,,,,{4},4.0,,,,5f70dd9d-48b4-5227-b669-19e7811f75f3,,,,Thran Dynamo,483,,2021-11-29,,,,,"ARC,C14,C19,IMA,MB1,PZ1,SLD,UDS,V13,WC00,WC99",,"{'cardKingdom': 'https://mtgjson.com/links/eabfc530b299ee86', 'cardKingdomFoil': 'https://mtgjson.com/links/7db48b85c24f51dd', 'tcgplayer': 'https://mtgjson.com/links/ba3cab8822263a85'}",rare,,186a57f5-5806-4373-90a6-0da950a11054,ab3deee3-3935-4c3e-8c65-f08cd734a482,a699c663-8131-4045-9265-a83e86609374,triangle,SLD,,,,,,259275,{T}: Add {C}{C}{C}.,,Artifact,Artifact,89a6f0a2-4fd6-539c-9f85-f0fcb4b70513,,
60998,60999,Kevin Gnutzmans,,,paper,,black,,,,,,,,,0.0,,2.0,,,,,"nonfoil,foil",The Spire,What did you do to the Zero Point?,inverted,2015,,0,0,1,1,0,0,0,0,0,0,0,1,0,0,0,0,0,,English,normal,,,,,0.0,676510,,,e5b8b4fe-65c8-5894-bb83-0be2cadb8ef2,,,,Command Tower,677,,2022-07-07,,,,,"40K,AFC,ANB,BRC,C13,C15,C16,C17,C18,C19,C20,C21,CC1,CC2,CLB,CM1,CM2,CMA,CMD,CMR,DMC,ELD,J12,KHC,MIC,NCC,NEC,PHED,PRM,PZ1,SLD,VOC,ZNC",,{'tcgplayer': 'https://mtgjson.com/links/601be0b472e30849'},rare,,5e97d936-c3dc-42ae-a028-4a183d13ccc8,8a2a199b-48e1-4af7-940a-10d6928d273b,0895c9b7-ae7d-4bb3-af17-3b75deb50a25,triangle,SLD,,,,,,282701,{T}: Add one mana of any color in your commander's color identity.,,Land,Land,b15e263f-6952-5472-9a60-1a4e006e9c2e,a45a4e2c-1437-51dd-837a-5e62520c3e2d,
69491,69492,Nils Hamm,,,"arena,mtgo,paper",,borderless,,253231,252597,,82739,B,,B,4.0,,4335.0,4.0,The Three Weird Sisters,4.0,Henrika Domnathi,"nonfoil,foil",The Three Weird Sisters // Fiends of Darkest Night,,"legendary,sunmoondfc",2015,,0,0,1,1,0,0,0,0,0,0,0,0,0,1,0,0,0,"Flying,Transform",English,transform,"{'brawl': True, 'commander': True, 'oathbreaker': False}",,,{2}{B}{B},4.0,582246,346761,79136,4b9de89f-c23f-52ff-990f-6f0342d58336,,,544470,"Henrika Domnathi // Henrika, Infernal Seer",335,,,"Flying
At the beginning of combat on your turn, choose one that hasn't been chosen —
• Each player sacrifices a creature.
• You draw a card and you lose 1 life.
• Transform Henrika Domnathi.",Legendary Creature — Vampire,357a2aaa-7be5-511a-b03e-1918d184b113,1,"DBL,PVOW,VOW","draculaseries,boosterfun","{'cardKingdom': 'https://mtgjson.com/links/1008fbab26a0a909', 'cardKingdomFoil': 'https://mtgjson.com/links/c706f984bb4831fb', 'cardmarket': 'https://mtgjson.com/links/04cfd32350859a92', 'tcgplayer': 'https://mtgjson.com/links/11a3a54caf340513'}",mythic,,aafe47a8-0223-4c0b-b6ce-e25446a07c96,7ea5f6c8-7bf9-4a90-97c8-34aa0db567c9,0c0845c3-f4b5-444e-8f42-da0c7dbf2841,oval,VOW,a,,Vampire,Legendary,,253439,"Flying
At the beginning of combat on your turn, choose one that hasn't been chosen —
• Each player sacrifices a creature.
• You draw a card and you lose 1 life.
• Transform Henrika Domnathi.",3,Legendary Creature — Vampire,Creature,d0a03e2c-3f7f-5a87-91c7-64c19784be7a,"ba2ee893-217a-510d-bbcb-bf08ea32ad5c,d8b431d0-7574-5fd5-bb26-cdd7aaa6614c",
69492,69493,Nils Hamm,,,"arena,mtgo,paper",,borderless,,,,,82739,B,B,B,4.0,,4335.0,0.0,Fiends of Darkest Night,0.0,"Henrika, Infernal Seer","nonfoil,foil",The Three Weird Sisters // Fiends of Darkest Night,"Nothing can be more dreadful than those awful women, who were—who are—waiting to suck my blood.","legendary,sunmoondfc",2015,,0,0,1,1,0,0,0,0,0,0,0,0,0,1,0,0,0,"Deathtouch,Flying,Lifelink",English,transform,,,,,4.0,582246,,79136,116df4e4-7ce5-5d2b-80f7-e540c5e3d530,,,544471,"Henrika Domnathi // Henrika, Infernal Seer",335,,,"Flying, deathtouch, lifelink
{1}{B}{B}: Each creature you control with flying, deathtouch, and/or lifelink gets +1/+0 until end of turn.",Legendary Creature — Vampire,d0a03e2c-3f7f-5a87-91c7-64c19784be7a,3,"DBL,PVOW,VOW","draculaseries,boosterfun",{'tcgplayer': 'https://mtgjson.com/links/6b2e27b30e2c8499'},mythic,,aafe47a8-0223-4c0b-b6ce-e25446a07c96,cde48b4e-13a5-4c2d-af2c-9973513ffd5d,0c0845c3-f4b5-444e-8f42-da0c7dbf2841,oval,VOW,b,,Vampire,Legendary,,253439,"Flying, deathtouch, lifelink
{1}{B}{B}: Each creature you control with flying, deathtouch, and/or lifelink gets +1/+0 until end of turn.",4,Legendary Creature — Vampire,Creature,357a2aaa-7be5-511a-b03e-1918d184b113,"a0ee90ad-676b-523c-9a6c-871b4713eece,4300fc34-0c2c-52d4-9852-a66ad482c948",
60845,60846,Riot Games,,,paper,,black,,254862,254861,,,U,,U,3.0,,32.0,,,,,"nonfoil,foil",Unstable Harmonics,"""I believe I've discovered something truly incredible: a way to harness magic through science!""
—Jayce Talis",,2015,,0,0,1,1,0,0,0,0,0,0,0,1,0,0,0,0,0,,English,normal,,,,{2}{U},3.0,,,,30988721-d1bd-5b99-9f94-ead0ca2e8b75,,,,Rhystic Study,478,,2021-11-29,,,,,"CM1,J18,JMP,MB1,PCY,PRM,PZ1,SLD,TD0",,"{'cardKingdom': 'https://mtgjson.com/links/c6b632203840eb1d', 'cardKingdomFoil': 'https://mtgjson.com/links/9892f25f567d71da', 'tcgplayer': 'https://mtgjson.com/links/cf7ad3bbea87f96c'}",rare,,c9a85474-e0e5-40cf-b0a3-a2b7da7f7000,f8020bce-826b-4ac2-a571-6466b5a856ce,53236dd7-845a-444c-96d5-f41ed7325d8f,triangle,SLD,,,,,,259290,"Whenever an opponent casts a spell, you may draw a card unless that player pays {1}.",,Enchantment,Enchantment,1df90f3c-8ca1-5ffd-ba84-43e73ec44660,,
69484,69485,Dan Scott,,,"arena,mtgo,paper",,borderless,,253246,252668,,82743,W,,W,2.0,,17525.0,,,,,"nonfoil,foil",Van Helsing's Holy Ward,,,2015,,0,0,1,1,0,0,0,0,0,0,0,0,0,1,0,0,0,,English,normal,,,,{1}{W},2.0,583234,346967,79129,cb0580c7-61ee-5105-acb0-620d6f89d331,,,544463,Circle of Confinement,329,,,"When Circle of Confinement enters the battlefield, exile target creature an opponent controls with mana value 3 or less until Circle of Confinement leaves the battlefield.
Whenever an opponent casts a Vampire spell with the same name as a card exiled with Circle of Confinement, you gain 2 life.",Enchantment,,,"DBL,VOW","draculaseries,boosterfun","{'cardKingdom': 'https://mtgjson.com/links/8600ddbb922d5376', 'cardKingdomFoil': 'https://mtgjson.com/links/453a95cc30d90b31', 'cardmarket': 'https://mtgjson.com/links/684388ecb11176b6', 'tcgplayer': 'https://mtgjson.com/links/9d430d4927b87ee4'}",uncommon,,f0cb7bbb-9216-43b7-abd8-387f6c7864e6,4b14e39d-10ae-4e2f-850a-b6baab42ccbc,d1cd7a93-4b83-4755-90bc-17cb64bfb131,,VOW,,,,,,253549,"When Circle of Confinement enters the battlefield, exile target creature an opponent controls with mana value 3 or less until Circle of Confinement leaves the battlefield.
Whenever an opponent casts a Vampire spell with the same name as a card exiled with Circle of Confinement, you gain 2 life.",,Enchantment,Enchantment,b90a5274-07f5-5268-9435-ffdb5e36dee4,61d350d7-95fc-5445-a82e-219097f6fc1d,
60716,60717,Pauline Voss,,,paper,,black,,252212,252207,,,"B,W",,"B,W",2.0,,8815.0,,,,,"nonfoil,foil",Will the Wise,,legendary,2015,,0,0,1,1,0,0,0,0,0,0,0,0,0,0,0,0,0,Investigate,English,normal,"{'brawl': False, 'commander': True, 'oathbreaker': False}",,,{W}{B},2.0,,,,6922f849-878c-5791-b0e0-376a5e7758e0,,,,"Wernog, Rider's Chaplain",347,,2021-10-15,,,,1,"SLD,SLX",,"{'cardKingdom': 'https://mtgjson.com/links/66d4266182db9dbf', 'cardKingdomFoil': 'https://mtgjson.com/links/0cc5f556a60b2989', 'tcgplayer': 'https://mtgjson.com/links/3b3bdde69b818e4f'}",rare,,25a4af68-6e5e-4b44-9c1c-25ecdbd555b5,40534e95-f1cd-43c3-b7f2-917b84752d18,6cd03270-54cc-43e1-9b86-70c76960c841,triangle,SLD,,,Human,Legendary,,251746,"When Wernog, Rider's Chaplain enters or leaves the battlefield, each opponent may investigate. Each opponent who doesn't loses 1 life. You investigate X times, where X is one plus the number of opponents who investigated this way.
Friends forever (You can have two commanders if both have friends forever.)",2,Legendary Creature — Human,Creature,361e3a5d-681f-5d5a-bfcd-8b4ef6eb52c7,,
